{
  "method": "grid_search",
  "component": "strategy_rsi",
  "parameter_space": "strategy_rsi_params",
  "combinations_tested": 4,
  "best_parameters": {
    "lookback_period": 30
  },
  "best_score": -15.072376478723392,
  "test_score": null,
  "all_results": [
    {
      "parameters": {
        "lookback_period": 9
      },
      "score": -18.06456728539363,
      "regime_performance": {
        "trending_down": {
          "total_return": -59.81000000002723,
          "sharpe_ratio": -1.178051054404131,
          "win_rate": 0.5757575757575758,
          "trade_count": 33,
          "avg_win": 0,
          "avg_loss": 1.8124242424250676,
          "parameters": {
            "lookback_period": 9
          }
        },
        "default": {
          "total_return": -276.61000000000513,
          "sharpe_ratio": -7.519568019191702,
          "win_rate": 0.3,
          "trade_count": 20,
          "avg_win": 0,
          "avg_loss": 13.830500000000256,
          "parameters": {
            "lookback_period": 9
          }
        },
        "trending_up": {
          "total_return": -256.75999999999704,
          "sharpe_ratio": -2.2932498616276416,
          "win_rate": 0.6551724137931034,
          "trade_count": 29,
          "avg_win": 0,
          "avg_loss": 8.853793103448174,
          "parameters": {
            "lookback_period": 9
          }
        }
      }
    },
    {
      "parameters": {
        "lookback_period": 14
      },
      "score": -15.243580053297444,
      "regime_performance": {
        "default": {
          "total_return": -507.40999999998166,
          "sharpe_ratio": -20.68899333630333,
          "win_rate": 0.05555555555555555,
          "trade_count": 18,
          "avg_win": 0,
          "avg_loss": 28.189444444443424,
          "parameters": {
            "lookback_period": 14
          }
        },
        "trending_down": {
          "total_return": 95.38999999998623,
          "sharpe_ratio": 1.552197081999335,
          "win_rate": 0.5833333333333334,
          "trade_count": 24,
          "avg_win": 3.9745833333327596,
          "avg_loss": 0,
          "parameters": {
            "lookback_period": 14
          }
        },
        "trending_up": {
          "total_return": -90.91999999998279,
          "sharpe_ratio": -0.9735561970846981,
          "win_rate": 0.6086956521739131,
          "trade_count": 23,
          "avg_win": 0,
          "avg_loss": 3.9530434782601214,
          "parameters": {
            "lookback_period": 14
          }
        }
      }
    },
    {
      "parameters": {
        "lookback_period": 21
      },
      "score": -17.06297866281085,
      "regime_performance": {
        "default": {
          "total_return": -463.65999999998166,
          "sharpe_ratio": -16.341159504071683,
          "win_rate": 0.10526315789473684,
          "trade_count": 19,
          "avg_win": 0,
          "avg_loss": 24.403157894735877,
          "parameters": {
            "lookback_period": 21
          }
        },
        "trending_down": {
          "total_return": -58.40000000002874,
          "sharpe_ratio": -1.376125250573889,
          "win_rate": 0.4444444444444444,
          "trade_count": 18,
          "avg_win": 0,
          "avg_loss": 3.244444444446041,
          "parameters": {
            "lookback_period": 21
          }
        },
        "trending_up": {
          "total_return": -36.34000000000697,
          "sharpe_ratio": -0.4615699720131769,
          "win_rate": 0.6428571428571429,
          "trade_count": 14,
          "avg_win": 0,
          "avg_loss": 2.5957142857147835,
          "parameters": {
            "lookback_period": 21
          }
        }
      }
    },
    {
      "parameters": {
        "lookback_period": 30
      },
      "score": -15.072376478723392,
      "regime_performance": {
        "default": {
          "total_return": -590.1599999999917,
          "sharpe_ratio": -5.8126073891355166,
          "win_rate": 0.18181818181818182,
          "trade_count": 22,
          "avg_win": 0,
          "avg_loss": 26.825454545454168,
          "parameters": {
            "lookback_period": 30
          }
        },
        "trending_down": {
          "total_return": -19.16000000001077,
          "sharpe_ratio": -0.4680077145478891,
          "win_rate": 0.4,
          "trade_count": 15,
          "avg_win": 0,
          "avg_loss": 1.2773333333340513,
          "parameters": {
            "lookback_period": 30
          }
        },
        "trending_up": {
          "total_return": 117.999999999995,
          "sharpe_ratio": 6.424781152046239,
          "win_rate": 0.7142857142857143,
          "trade_count": 7,
          "avg_win": 16.857142857142144,
          "avg_loss": 0,
          "parameters": {
            "lookback_period": 30
          }
        }
      }
    }
  ],
  "regime_best_parameters": {
    "trending_down": {
      "parameters": {
        "lookback_period": 14
      },
      "sharpe_ratio": 1.552197081999335,
      "win_rate": 0.5833333333333334,
      "total_return": 95.38999999998623
    },
    "default": {
      "parameters": {
        "lookback_period": 30
      },
      "sharpe_ratio": -5.8126073891355166,
      "win_rate": 0.18181818181818182,
      "total_return": -590.1599999999917
    },
    "trending_up": {
      "parameters": {
        "lookback_period": 30
      },
      "sharpe_ratio": 6.424781152046239,
      "win_rate": 0.7142857142857143,
      "total_return": 117.999999999995
    }
  },
  "regime_statistics": {
    "trending_down": {
      "avg_return": -10.495000000020127,
      "std_return": 63.27237489616363,
      "avg_sharpe": -0.36749673438164354,
      "avg_win_rate": 0.5008838383838384,
      "total_trades": 90,
      "parameter_sets_tested": 4
    },
    "default": {
      "avg_return": -459.45999999999003,
      "std_return": 114.92764571676611,
      "avg_sharpe": -12.590582062175558,
      "avg_win_rate": 0.16065922381711856,
      "total_trades": 79,
      "parameter_sets_tested": 4
    },
    "trending_up": {
      "avg_return": -66.50499999999795,
      "std_return": 133.9263598960225,
      "avg_sharpe": 0.6741012803301806,
      "avg_win_rate": 0.6552527307774685,
      "total_trades": 73,
      "parameter_sets_tested": 4
    }
  },
  "timestamp": "2025-05-26T18:22:29.741971"
}