{
  "method": "grid_search",
  "component": "strategy_ma_crossover",
  "parameter_space": "strategy_ma_crossover_space",
  "combinations_tested": 12,
  "best_parameters": {
    "weight": 0.4,
    "min_separation": 0.0
  },
  "best_score": -5.506060113953791,
  "test_score": null,
  "all_results": [
    {
      "parameters": {
        "weight": 0.4,
        "min_separation": 0.0
      },
      "score": -5.506060113953791,
      "regime_performance": {
        "default": {
          "total_return": -442.5299999999652,
          "sharpe_ratio": -4.221650531024178,
          "win_rate": 0.375,
          "trade_count": 56,
          "avg_win": 0,
          "avg_loss": 7.902321428570807,
          "parameters": {
            "weight": 0.4,
            "min_separation": 0.0
          }
        },
        "trending_down": {
          "total_return": 6.7600000000538785,
          "sharpe_ratio": 0.1765059144997773,
          "win_rate": 0.25,
          "trade_count": 16,
          "avg_win": 0.4225000000033674,
          "avg_loss": 0,
          "parameters": {
            "weight": 0.4,
            "min_separation": 0.0
          }
        },
        "trending_up": {
          "total_return": 251.98999999998932,
          "sharpe_ratio": 3.7679444348928492,
          "win_rate": 0.3125,
          "trade_count": 16,
          "avg_win": 15.749374999999333,
          "avg_loss": 0,
          "parameters": {
            "weight": 0.4,
            "min_separation": 0.0
          }
        }
      }
    },
    {
      "parameters": {
        "weight": 0.4,
        "min_separation": 0.001
      },
      "score": -5.506060113953791,
      "regime_performance": {
        "trending_down": {
          "total_return": -17.739999999946576,
          "sharpe_ratio": -0.43525107622690096,
          "win_rate": 0.2222222222222222,
          "trade_count": 18,
          "avg_win": 0,
          "avg_loss": 0.9855555555525876,
          "parameters": {
            "weight": 0.4,
            "min_separation": 0.001
          }
        },
        "default": {
          "total_return": -418.02999999996473,
          "sharpe_ratio": -4.062260754678897,
          "win_rate": 0.3888888888888889,
          "trade_count": 54,
          "avg_win": 0,
          "avg_loss": 7.741296296295643,
          "parameters": {
            "weight": 0.4,
            "min_separation": 0.001
          }
        },
        "trending_up": {
          "total_return": 251.98999999998932,
          "sharpe_ratio": 3.7679444348928492,
          "win_rate": 0.3125,
          "trade_count": 16,
          "avg_win": 15.749374999999333,
          "avg_loss": 0,
          "parameters": {
            "weight": 0.4,
            "min_separation": 0.001
          }
        }
      }
    },
    {
      "parameters": {
        "weight": 0.4,
        "min_separation": 0.002
      },
      "score": -5.506060113953791,
      "regime_performance": {
        "trending_down": {
          "total_return": -17.739999999946576,
          "sharpe_ratio": -0.43525107622690096,
          "win_rate": 0.2222222222222222,
          "trade_count": 18,
          "avg_win": 0,
          "avg_loss": 0.9855555555525876,
          "parameters": {
            "weight": 0.4,
            "min_separation": 0.002
          }
        },
        "default": {
          "total_return": -418.02999999996473,
          "sharpe_ratio": -4.062260754678897,
          "win_rate": 0.3888888888888889,
          "trade_count": 54,
          "avg_win": 0,
          "avg_loss": 7.741296296295643,
          "parameters": {
            "weight": 0.4,
            "min_separation": 0.002
          }
        },
        "trending_up": {
          "total_return": 251.98999999998932,
          "sharpe_ratio": 3.7679444348928492,
          "win_rate": 0.3125,
          "trade_count": 16,
          "avg_win": 15.749374999999333,
          "avg_loss": 0,
          "parameters": {
            "weight": 0.4,
            "min_separation": 0.002
          }
        }
      }
    },
    {
      "parameters": {
        "weight": 0.6,
        "min_separation": 0.0
      },
      "score": -5.506060113953791,
      "regime_performance": {
        "trending_down": {
          "total_return": -17.739999999946576,
          "sharpe_ratio": -0.43525107622690096,
          "win_rate": 0.2222222222222222,
          "trade_count": 18,
          "avg_win": 0,
          "avg_loss": 0.9855555555525876,
          "parameters": {
            "weight": 0.6,
            "min_separation": 0.0
          }
        },
        "default": {
          "total_return": -418.02999999996473,
          "sharpe_ratio": -4.062260754678897,
          "win_rate": 0.3888888888888889,
          "trade_count": 54,
          "avg_win": 0,
          "avg_loss": 7.741296296295643,
          "parameters": {
            "weight": 0.6,
            "min_separation": 0.0
          }
        },
        "trending_up": {
          "total_return": 251.98999999998932,
          "sharpe_ratio": 3.7679444348928492,
          "win_rate": 0.3125,
          "trade_count": 16,
          "avg_win": 15.749374999999333,
          "avg_loss": 0,
          "parameters": {
            "weight": 0.6,
            "min_separation": 0.0
          }
        }
      }
    },
    {
      "parameters": {
        "weight": 0.6,
        "min_separation": 0.001
      },
      "score": -5.506060113953791,
      "regime_performance": {
        "trending_down": {
          "total_return": -17.739999999946576,
          "sharpe_ratio": -0.43525107622690096,
          "win_rate": 0.2222222222222222,
          "trade_count": 18,
          "avg_win": 0,
          "avg_loss": 0.9855555555525876,
          "parameters": {
            "weight": 0.6,
            "min_separation": 0.001
          }
        },
        "default": {
          "total_return": -418.02999999996473,
          "sharpe_ratio": -4.062260754678897,
          "win_rate": 0.3888888888888889,
          "trade_count": 54,
          "avg_win": 0,
          "avg_loss": 7.741296296295643,
          "parameters": {
            "weight": 0.6,
            "min_separation": 0.001
          }
        },
        "trending_up": {
          "total_return": 251.98999999998932,
          "sharpe_ratio": 3.7679444348928492,
          "win_rate": 0.3125,
          "trade_count": 16,
          "avg_win": 15.749374999999333,
          "avg_loss": 0,
          "parameters": {
            "weight": 0.6,
            "min_separation": 0.001
          }
        }
      }
    },
    {
      "parameters": {
        "weight": 0.6,
        "min_separation": 0.002
      },
      "score": -5.506060113953791,
      "regime_performance": {
        "trending_down": {
          "total_return": -17.739999999946576,
          "sharpe_ratio": -0.43525107622690096,
          "win_rate": 0.2222222222222222,
          "trade_count": 18,
          "avg_win": 0,
          "avg_loss": 0.9855555555525876,
          "parameters": {
            "weight": 0.6,
            "min_separation": 0.002
          }
        },
        "default": {
          "total_return": -418.02999999996473,
          "sharpe_ratio": -4.062260754678897,
          "win_rate": 0.3888888888888889,
          "trade_count": 54,
          "avg_win": 0,
          "avg_loss": 7.741296296295643,
          "parameters": {
            "weight": 0.6,
            "min_separation": 0.002
          }
        },
        "trending_up": {
          "total_return": 251.98999999998932,
          "sharpe_ratio": 3.7679444348928492,
          "win_rate": 0.3125,
          "trade_count": 16,
          "avg_win": 15.749374999999333,
          "avg_loss": 0,
          "parameters": {
            "weight": 0.6,
            "min_separation": 0.002
          }
        }
      }
    },
    {
      "parameters": {
        "weight": 0.8,
        "min_separation": 0.0
      },
      "score": -5.506060113953791,