{
  "optimization_type": "component",
  "targets": [
    "rsi"
  ],
  "method": "grid_search",
  "components_optimized": 1,
  "results": {
    "strategy_rsi": {
      "method": "grid_search",
      "component": "strategy_rsi",
      "parameter_space": "strategy_rsi_params",
      "combinations_tested": 4,
      "best_parameters": {
        "lookback_period": 9
      },
      "best_score": 14.388741165187664,
      "test_score": null,
      "all_results": [
        {
          "parameters": {
            "lookback_period": 9
          },
          "score": 14.388741165187664,
          "regime_performance": {
            "trending_down": {
              "total_return": -72.67000000006192,
              "sharpe_ratio": -0.9672923526976115,
              "win_rate": 0.2625,
              "trade_count": 80,
              "avg_win": 0,
              "avg_loss": 0.908375000000774,
              "parameters": {
                "lookback_period": 9
              }
            },
            "default": {
              "total_return": 734.8100000000954,
              "sharpe_ratio": 2.946280754214493,
              "win_rate": 0.4892086330935252,
              "trade_count": 139,
              "avg_win": 5.286402877698529,
              "avg_loss": 0,
              "parameters": {
                "lookback_period": 9
              }
            },
            "trending_up": {
              "total_return": -131.72000000004118,
              "sharpe_ratio": -2.226640553221946,
              "win_rate": 0.31343283582089554,
              "trade_count": 67,
              "avg_win": 0,
              "avg_loss": 1.965970149254346,
              "parameters": {
                "lookback_period": 9
              }
            }
          }
        },
        {
          "parameters": {
            "lookback_period": 14
          },
          "score": 12.688542250087796,
          "regime_performance": {
            "trending_down": {
              "total_return": -83.17000000005237,
              "sharpe_ratio": -1.099973357539108,
              "win_rate": 0.25,
              "trade_count": 80,
              "avg_win": 0,
              "avg_loss": 1.0396250000006546,
              "parameters": {
                "lookback_period": 14
              }
            },
            "default": {
              "total_return": 711.3200000001029,
              "sharpe_ratio": 2.8681650497677573,
              "win_rate": 0.4855072463768116,
              "trade_count": 138,
              "avg_win": 5.154492753623934,
              "avg_loss": 0,
              "parameters": {
                "lookback_period": 14
              }
            },
            "trending_up": {
              "total_return": -160.71000000002869,
              "sharpe_ratio": -2.72443523280738,
              "win_rate": 0.2878787878787879,
              "trade_count": 66,
              "avg_win": 0,
              "avg_loss": 2.435000000000435,
              "parameters": {
                "lookback_period": 14
              }
            }
          }
        },
        {
          "parameters": {
            "lookback_period": 21
          },
          "score": 12.304189567528638,
          "regime_performance": {
            "trending_down": {
              "total_return": -130.67000000005464,
              "sharpe_ratio": -1.8439077724184887,
              "win_rate": 0.23076923076923078,
              "trade_count": 78,
              "avg_win": 0,
              "avg_loss": 1.6752564102571108,
              "parameters": {
                "lookback_period": 21
              }
            },
            "default": {
              "total_return": 717.4600000000851,
              "sharpe_ratio": 3.172382600902563,
              "win_rate": 0.4824561403508772,
              "trade_count": 114,
              "avg_win": 6.293508771930571,
              "avg_loss": 0,
              "parameters": {
                "lookback_period": 21
              }
            },
            "trending_up": {
              "total_return": -138.6100000000397,
              "sharpe_ratio": -2.4129567182874903,
              "win_rate": 0.30303030303030304,
              "trade_count": 66,
              "avg_win": 0,
              "avg_loss": 2.1001515151521164,
              "parameters": {
                "lookback_period": 21
              }
            }
          }
        },
        {
          "parameters": {
            "lookback_period": 30
          },
          "score": 10.762044588065686,
          "regime_performance": {
            "trending_down": {
              "total_return": -125.35000000004857,
              "sharpe_ratio": -1.8409300125914025,
              "win_rate": 0.2112676056338028,
              "trade_count": 71,
              "avg_win": 0,
              "avg_loss": 1.765492957747163,
              "parameters": {
                "lookback_period": 30
              }
            },
            "default": {
              "total_return": 621.9000000000619,
              "sharpe_ratio": 2.8609363961435834,
              "win_rate": 0.4423076923076923,
              "trade_count": 104,
              "avg_win": 5.979807692308288,
              "avg_loss": 0,
              "parameters": {
                "lookback_period": 30
              }
            },
            "trending_up": {
              "total_return": -107.61000000004515,
              "sharpe_ratio": -1.6703121901300009,
              "win_rate": 0.29850746268656714,
              "trade_count": 67,
              "avg_win": 0,
              "avg_loss": 1.6061194029857484,
              "parameters": {
                "lookback_period": 30
              }
            }
          }
        }
      ],
      "regime_best_parameters": {
        "trending_down": {
          "parameters": {
            "lookback_period": 9
          },
          "sharpe_ratio": -0.9672923526976115,
          "win_rate": 0.2625,
          "total_return": -72.67000000006192
        },
        "default": {
          "parameters": {
            "lookback_period": 21
          },
          "sharpe_ratio": 3.172382600902563,
          "win_rate": 0.4824561403508772,
          "total_return": 717.4600000000851
        },
        "trending_up": {
          "parameters": {
            "lookback_period": 30
          },
          "sharpe_ratio": -1.6703121901300009,
          "win_rate": 0.29850746268656714,
          "total_return": -107.61000000004515
        }
      },
      "regime_statistics": {
        "trending_down": {
          "avg_return": -102.96500000005437,
          "std_return": 25.388404341349304,
          "avg_sharpe": -1.4380258738116527,
          "avg_win_rate": 0.2386342091007584,
          "total_trades": 309,
          "parameter_sets_tested": 4
        },
        "default": {
          "avg_return": 696.3725000000863,
          "std_return": 43.85118320810961,
          "avg_sharpe": 2.9619412002570993,
          "avg_win_rate": 0.47486992803222655,
          "total_trades": 495,
          "parameter_sets_tested": 4
        },
        "trending_up": {
          "avg_return": -134.66250000003868,
          "std_return": 18.937733991947944,
          "avg_sharpe": -2.2585861736117043,
          "avg_win_rate": 0.3007123473541384,
          "total_trades": 266,
          "parameter_sets_tested": 4
        }
      },
      "timestamp": "2025-05-26T18:51:55.679142"
    }
  },
  "timestamp": "2025-05-26T18:51:55.680414"
}