{
  "optimization_type": "ensemble_weights",
  "method": "regime_specific_grid_search",
  "regimes_optimized": 3,
  "regime_weight_results": {
    "default": {
      "best_weights": {
        "ma_crossover": 0.25,
        "rsi": 0.25,
        "bb": 0.25,
        "macd": 0.25
      },
      "best_score": 3.235398300746383,
      "all_results": [
        {
          "weights": {
            "ma_crossover": 0.25,
            "rsi": 0.25,
            "bb": 0.25,
            "macd": 0.25
          },
          "score": 3.235398300746383,
          "trade_count": 44,
          "metrics": {
            "pnl": 352.3499999999899,
            "commission": 0.0,
            "count": 44,
            "wins": 20,
            "losses": 23,
            "pnl_values": [
              26.99999999999818,
              -3.4999999999968168,
              -21.499999999991815,
              9.500000000002728,
              9.48999999999387,
              -12.999999999999545,
              -12.999999999999545,
              -12.999999999999545,
              -8.999999999991815,
              8.010000000001583,
              2.009999999995671,
              -6.000000000005912,
              17.009999999993397,
              -2.500000000009095,
              -9.500000000002728,
              -2.4999999999977263,
              -3.999999999996362,
              -17.12999999999738,
              -9.629999999992833,
              -3.4999999999968168,
              -7.000000000005002,
              -10.000000000002274,
              -11.000000000001364,
              -12.5,
              4.500000000007276,
              237.99999999999955,
              52.99999999999727,
              -4.499999999995907,
              63.999999999998636,
              0.0,
              0.9999999999990905,
              1.999999999998181,
              -1.700000000005275,
              -12.70000000000664,
              6.9999999999936335,
              21.000000000003638,
              10.000000000002274,
              6.9999999999936335,
              5.499999999994998,
              9.500000000002728,
              19.500000000005002,
              -0.49999999999954525,
              31.00000000000591,
              -6.0100000000034015
            ],
            "boundary_trade_count": 0,
            "boundary_trades_pnl": 0.0,
            "pure_regime_count": 44,
            "pure_regime_pnl": 352.3499999999899,
            "sharpe_ratio": 3.235398300746383,
            "win_rate": 0.45454545454545453,
            "avg_pnl": 8.007954545454316,
            "std_dev_pnl": 39.291093586889204,
            "gross_pnl": 352.3499999999899,
            "net_pnl": 352.3499999999899
          }
        }
      ],
      "combinations_tested": 1
    },
    "trending_up": {
      "best_weights": {
        "ma_crossover": 0.25,
        "rsi": 0.25,
        "bb": 0.25,
        "macd": 0.25
      },
      "best_score": 3.8353793101954565,
      "all_results": [
        {
          "weights": {
            "ma_crossover": 0.25,
            "rsi": 0.25,
            "bb": 0.25,
            "macd": 0.25
          },
          "score": 3.8353793101954565,
          "trade_count": 8,
          "metrics": {
            "pnl": 190.98999999998796,
            "commission": 0.0,
            "count": 8,
            "wins": 3,
            "losses": 5,
            "pnl_values": [
              -12.010000000009313,
              -2.0000000000095497,
              55.99999999999454,
              -14.999999999997726,
              -2.9999999999972715,
              36.000000000001364,
              237.99999999999955,
              -106.99999999999363
            ],
            "boundary_trade_count": 0,
            "boundary_trades_pnl": 0.0,
            "pure_regime_count": 8,
            "pure_regime_pnl": 190.98999999998796,
            "sharpe_ratio": 3.8353793101954565,
            "win_rate": 0.375,
            "avg_pnl": 23.873749999998495,
            "std_dev_pnl": 98.81266011101054,
            "gross_pnl": 190.98999999998796,
            "net_pnl": 190.98999999998796
          }
        }
      ],
      "combinations_tested": 1
    },
    "trending_down": {
      "best_weights": {
        "ma_crossover": 0.25,
        "rsi": 0.25,
        "bb": 0.25,
        "macd": 0.25
      },
      "best_score": 0.6410638566509061,
      "all_results": [
        {
          "weights": {
            "ma_crossover": 0.25,
            "rsi": 0.25,
            "bb": 0.25,
            "macd": 0.25
          },
          "score": 0.6410638566509061,
          "trade_count": 8,
          "metrics": {
            "pnl": 18.99999999998272,
            "commission": 0.0,
            "count": 8,
            "wins": 2,
            "losses": 6,
            "pnl_values": [
              -3.999999999996362,
              -17.49000000000933,
              1.999999999998181,
              -11.000000000001364,
              140.99999999999682,
              -55.50000000000637,
              -8.000000000004093,
              -28.00999999999476
            ],
            "boundary_trade_count": 0,
            "boundary_trades_pnl": 0.0,
            "pure_regime_count": 8,
            "pure_regime_pnl": 18.99999999998272,
            "sharpe_ratio": 0.6410638566509061,
            "win_rate": 0.25,
            "avg_pnl": 2.37499999999784,
            "std_dev_pnl": 58.81154551373636,
            "gross_pnl": 18.99999999998272,
            "net_pnl": 18.99999999998272
          }
        }
      ],
      "combinations_tested": 1
    }
  },
  "timestamp": "2025-05-26T22:29:40.208742",
  "regime_best_weights": {
    "default": {
      "weights": {
        "ma_crossover": 0.25,
        "rsi": 0.25,
        "bb": 0.25,
        "macd": 0.25
      },
      "sharpe_ratio": 3.235398300746383,
      "metrics": {
        "sharpe_ratio": 3.235398300746383
      }
    },
    "trending_up": {
      "weights": {
        "ma_crossover": 0.25,
        "rsi": 0.25,
        "bb": 0.25,
        "macd": 0.25
      },
      "sharpe_ratio": 3.8353793101954565,
      "metrics": {
        "sharpe_ratio": 3.8353793101954565
      }
    },
    "trending_down": {
      "weights": {
        "ma_crossover": 0.25,
        "rsi": 0.25,
        "bb": 0.25,
        "macd": 0.25
      },
      "sharpe_ratio": 0.6410638566509061,
      "metrics": {
        "sharpe_ratio": 0.6410638566509061
      }
    }
  }
}