{
  "optimization_type": "ensemble_weights",
  "method": "regime_specific_grid_search",
  "regimes_optimized": 3,
  "regime_weight_results": {
    "default": {
      "best_weights": {
        "ma_crossover": 0.3,
        "rsi": 0.7
      },
      "best_score": -4.506891853230901,
      "all_results": [
        {
          "weights": {
            "ma_crossover": 0.3,
            "rsi": 0.7
          },
          "score": -4.506891853230901,
          "trade_count": 29,
          "metrics": {
            "pnl": -175.42999999999438,
            "commission": 0.0,
            "count": 29,
            "wins": 7,
            "losses": 22,
            "pnl_values": [
              25.99999999999909,
              -3.4999999999968168,
              -11.000000000001364,
              18.000000000006366,
              -12.999999999999545,
              -9.000000000003183,
              -11.000000000001364,
              -9.000000000003183,
              25.99999999999909,
              10.590000000001965,
              -6.399999999996453,
              -14.999999999997726,
              -8.749999999997726,
              2.7500000000031832,
              -16.499999999996362,
              -18.99999999999409,
              -41.99999999999591,
              -28.00000000000864,
              -33.00000000000409,
              -13.009999999997035,
              -27.99999999999727,
              -20.000000000004547,
              65.49999999999727,
              -5.5000000000063665,
              -7.000000000005002,
              -10.500000000001819,
              14.499999999998181,
              -2.5999999999953616,
              -27.00999999999567
            ],
            "boundary_trade_count": 0,
            "boundary_trades_pnl": 0.0,
            "pure_regime_count": 29,
            "pure_regime_pnl": -175.42999999999438,
            "sharpe_ratio": -4.506891853230901,
            "win_rate": 0.2413793103448276,
            "avg_pnl": -6.049310344827393,
            "std_dev_pnl": 21.30732837228835,
            "gross_pnl": -175.42999999999438,
            "net_pnl": -175.42999999999438
          }
        },
        {
          "weights": {
            "ma_crossover": 0.4,
            "rsi": 0.6
          },
          "score": -4.506891853230901,
          "trade_count": 29,
          "metrics": {
            "pnl": -175.42999999999438,
            "commission": 0.0,
            "count": 29,
            "wins": 7,
            "losses": 22,
            "pnl_values": [
              25.99999999999909,
              -3.4999999999968168,
              -11.000000000001364,
              18.000000000006366,
              -12.999999999999545,
              -9.000000000003183,
              -11.000000000001364,
              -9.000000000003183,
              25.99999999999909,
              10.590000000001965,
              -6.399999999996453,
              -14.999999999997726,
              -8.749999999997726,
              2.7500000000031832,
              -16.499999999996362,
              -18.99999999999409,
              -41.99999999999591,
              -28.00000000000864,
              -33.00000000000409,
              -13.009999999997035,
              -27.99999999999727,
              -20.000000000004547,
              65.49999999999727,
              -5.5000000000063665,
              -7.000000000005002,
              -10.500000000001819,
              14.499999999998181,
              -2.5999999999953616,
              -27.00999999999567
            ],
            "boundary_trade_count": 0,
            "boundary_trades_pnl": 0.0,
            "pure_regime_count": 29,
            "pure_regime_pnl": -175.42999999999438,
            "sharpe_ratio": -4.506891853230901,
            "win_rate": 0.2413793103448276,
            "avg_pnl": -6.049310344827393,
            "std_dev_pnl": 21.30732837228835,
            "gross_pnl": -175.42999999999438,
            "net_pnl": -175.42999999999438
          }
        },
        {
          "weights": {
            "ma_crossover": 0.5,
            "rsi": 0.5
          },
          "score": -4.506891853230901,
          "trade_count": 29,
          "metrics": {
            "pnl": -175.42999999999438,
            "commission": 0.0,
            "count": 29,
            "wins": 7,
            "losses": 22,
            "pnl_values": [
              25.99999999999909,
              -3.4999999999968168,
              -11.000000000001364,
              18.000000000006366,
              -12.999999999999545,
              -9.000000000003183,
              -11.000000000001364,
              -9.000000000003183,
              25.99999999999909,
              10.590000000001965,
              -6.399999999996453,
              -14.999999999997726,
              -8.749999999997726,
              2.7500000000031832,
              -16.499999999996362,
              -18.99999999999409,
              -41.99999999999591,
              -28.00000000000864,
              -33.00000000000409,
              -13.009999999997035,
              -27.99999999999727,
              -20.000000000004547,
              65.49999999999727,
              -5.5000000000063665,
              -7.000000000005002,
              -10.500000000001819,
              14.499999999998181,
              -2.5999999999953616,
              -27.00999999999567
            ],
            "boundary_trade_count": 0,
            "boundary_trades_pnl": 0.0,
            "pure_regime_count": 29,
            "pure_regime_pnl": -175.42999999999438,
            "sharpe_ratio": -4.506891853230901,
            "win_rate": 0.2413793103448276,
            "avg_pnl": -6.049310344827393,
            "std_dev_pnl": 21.30732837228835,
            "gross_pnl": -175.42999999999438,
            "net_pnl": -175.42999999999438
          }
        },
        {
          "weights": {
            "ma_crossover": 0.6,
            "rsi": 0.4
          },
          "score": -4.506891853230901,
          "trade_count": 29,
          "metrics": {
            "pnl": -175.42999999999438,
            "commission": 0.0,
            "count": 29,
            "wins": 7,
            "losses": 22,
            "pnl_values": [
              25.99999999999909,
              -3.4999999999968168,
              -11.000000000001364,
              18.000000000006366,
              -12.999999999999545,
              -9.000000000003183,
              -11.000000000001364,
              -9.000000000003183,
              25.99999999999909,
              10.590000000001965,
              -6.399999999996453,
              -14.999999999997726,
              -8.749999999997726,
              2.7500000000031832,
              -16.499999999996362,
              -18.99999999999409,
              -41.99999999999591,
              -28.00000000000864,
              -33.00000000000409,
              -13.009999999997035,
              -27.99999999999727,
              -20.000000000004547,
              65.49999999999727,
              -5.5000000000063665,
              -7.000000000005002,
              -10.500000000001819,
              14.499999999998181,
              -2.5999999999953616,
              -27.00999999999567
            ],
            "boundary_trade_count": 0,
            "boundary_trades_pnl": 0.0,
            "pure_regime_count": 29,
            "pure_regime_pnl": -175.42999999999438,
            "sharpe_ratio": -4.506891853230901,
            "win_rate": 0.2413793103448276,
            "avg_pnl": -6.049310344827393,
            "std_dev_pnl": 21.30732837228835,
            "gross_pnl": -175.42999999999438,
            "net_pnl": -175.42999999999438
          }
        },
        {
          "weights": {
            "ma_crossover": 0.7,
            "rsi": 0.3
          },
          "score": -4.506891853230901,
          "trade_count": 29,
          "metrics": {
            "pnl": -175.42999999999438,
            "commission": 0.0,
            "count": 29,
            "wins": 7,
            "losses": 22,