{
  "optimization_type": "ensemble_weights",
  "method": "regime_specific_grid_search",
  "regimes_optimized": 3,
  "regime_weight_results": {
    "default": {
      "best_weights": null,
      "best_score": -Infinity,
      "all_results": [
        {
          "weights": {
            "ma_crossover": 0.3,
            "rsi": 0.7
          },
          "score": -Infinity,
          "trade_count": 4,
          "metrics": {
            "pnl": 53.23000000000775,
            "commission": 0.0,
            "count": 4,
            "wins": 3,
            "losses": 1,
            "pnl_values": [
              18.000000000006366,
              -4.9999999999954525,
              32.12999999999511,
              8.100000000001728
            ],
            "boundary_trade_count": 0,
            "boundary_trades_pnl": 0.0,
            "pure_regime_count": 4,
            "pure_regime_pnl": 53.23000000000775,
            "sharpe_ratio": 13.463440348793753,
            "win_rate": 0.75,
            "avg_pnl": 13.307500000001937,
            "std_dev_pnl": 15.690641318948598,
            "gross_pnl": 53.23000000000775,
            "net_pnl": 53.23000000000775
          }
        },
        {
          "weights": {
            "ma_crossover": 0.4,
            "rsi": 0.6
          },
          "score": -Infinity,
          "trade_count": 4,
          "metrics": {
            "pnl": 53.23000000000775,
            "commission": 0.0,
            "count": 4,
            "wins": 3,
            "losses": 1,
            "pnl_values": [
              18.000000000006366,
              -4.9999999999954525,
              32.12999999999511,
              8.100000000001728
            ],
            "boundary_trade_count": 0,
            "boundary_trades_pnl": 0.0,
            "pure_regime_count": 4,
            "pure_regime_pnl": 53.23000000000775,
            "sharpe_ratio": 13.463440348793753,
            "win_rate": 0.75,
            "avg_pnl": 13.307500000001937,
            "std_dev_pnl": 15.690641318948598,
            "gross_pnl": 53.23000000000775,
            "net_pnl": 53.23000000000775
          }
        },
        {
          "weights": {
            "ma_crossover": 0.5,
            "rsi": 0.5
          },
          "score": -Infinity,
          "trade_count": 4,
          "metrics": {
            "pnl": 53.23000000000775,
            "commission": 0.0,
            "count": 4,
            "wins": 3,
            "losses": 1,
            "pnl_values": [
              18.000000000006366,
              -4.9999999999954525,
              32.12999999999511,
              8.100000000001728
            ],
            "boundary_trade_count": 0,
            "boundary_trades_pnl": 0.0,
            "pure_regime_count": 4,
            "pure_regime_pnl": 53.23000000000775,
            "sharpe_ratio": 13.463440348793753,
            "win_rate": 0.75,
            "avg_pnl": 13.307500000001937,
            "std_dev_pnl": 15.690641318948598,
            "gross_pnl": 53.23000000000775,
            "net_pnl": 53.23000000000775
          }
        },
        {
          "weights": {
            "ma_crossover": 0.6,
            "rsi": 0.4
          },
          "score": -Infinity,
          "trade_count": 4,
          "metrics": {
            "pnl": 53.23000000000775,
            "commission": 0.0,
            "count": 4,
            "wins": 3,
            "losses": 1,
            "pnl_values": [
              18.000000000006366,
              -4.9999999999954525,
              32.12999999999511,
              8.100000000001728
            ],
            "boundary_trade_count": 0,
            "boundary_trades_pnl": 0.0,
            "pure_regime_count": 4,
            "pure_regime_pnl": 53.23000000000775,
            "sharpe_ratio": 13.463440348793753,
            "win_rate": 0.75,
            "avg_pnl": 13.307500000001937,
            "std_dev_pnl": 15.690641318948598,
            "gross_pnl": 53.23000000000775,
            "net_pnl": 53.23000000000775
          }
        },
        {
          "weights": {
            "ma_crossover": 0.7,
            "rsi": 0.3
          },
          "score": -Infinity,
          "trade_count": 4,
          "metrics": {
            "pnl": 53.23000000000775,
            "commission": 0.0,
            "count": 4,
            "wins": 3,
            "losses": 1,
            "pnl_values": [
              18.000000000006366,
              -4.9999999999954525,
              32.12999999999511,
              8.100000000001728
            ],
            "boundary_trade_count": 0,
            "boundary_trades_pnl": 0.0,
            "pure_regime_count": 4,
            "pure_regime_pnl": 53.23000000000775,
            "sharpe_ratio": 13.463440348793753,
            "win_rate": 0.75,
            "avg_pnl": 13.307500000001937,
            "std_dev_pnl": 15.690641318948598,
            "gross_pnl": 53.23000000000775,
            "net_pnl": 53.23000000000775
          }
        }
      ],
      "combinations_tested": 5
    },
    "trending_up": {
      "best_weights": null,
      "best_score": -Infinity,
      "all_results": [
        {
          "weights": {
            "ma_crossover": 0.3,
            "rsi": 0.7
          },
          "score": -Infinity,
          "trade_count": 4,
          "metrics": {
            "pnl": -287.1400000000108,
            "commission": 0.0,
            "count": 4,
            "wins": 2,
            "losses": 2,
            "pnl_values": [
              -34.00000000000318,
              5.499999999994998,
              -276.49999999999864,
              17.859999999996035
            ],
            "boundary_trade_count": 0,
            "boundary_trades_pnl": 0.0,
            "pure_regime_count": 4,
            "pure_regime_pnl": -287.1400000000108,
            "sharpe_ratio": -8.242260071220082,
            "win_rate": 0.5,
            "avg_pnl": -71.7850000000027,
            "std_dev_pnl": 138.25716943435245,
            "gross_pnl": -287.1400000000108,
            "net_pnl": -287.1400000000108
          }
        },
        {
          "weights": {
            "ma_crossover": 0.4,
            "rsi": 0.6
          },
          "score": -Infinity,
          "trade_count": 4,
          "metrics": {
            "pnl": -287.1400000000108,
            "commission": 0.0,
            "count": 4,
            "wins": 2,
            "losses": 2,
            "pnl_values": [
              -34.00000000000318,
              5.499999999994998,
              -276.49999999999864,
              17.859999999996035
            ],
            "boundary_trade_count": 0,
            "boundary_trades_pnl": 0.0,
            "pure_regime_count": 4,
            "pure_regime_pnl": -287.1400000000108,
            "sharpe_ratio": -8.242260071220082,
            "win_rate": 0.5,
            "avg_pnl": -71.7850000000027,
            "std_dev_pnl": 138.25716943435245,
            "gross_pnl": -287.1400000000108,
            "net_pnl": -287.1400000000108
          }
        },
        {
          "weights": {
            "ma_crossover": 0.5,
            "rsi": 0.5
          },
          "score": -Infinity,
          "trade_count": 4,
          "metrics": {
            "pnl": -287.1400000000108,
            "commission": 0.0,
            "count": 4,
            "wins": 2,
            "losses": 2,
            "pnl_values": [
              -34.00000000000318,
              5.499999999994998,
              -276.49999999999864,
              17.859999999996035
            ],
            "boundary_trade_count": 0,
            "boundary_trades_pnl": 0.0,
            "pure_regime_count": 4,
            "pure_regime_pnl": -287.1400000000108,
            "sharpe_ratio": -8.242260071220082,
            "win_rate": 0.5,
            "avg_pnl": -71.7850000000027,
            "std_dev_pnl": 138.25716943435245,
            "gross_pnl": -287.1400000000108,