{
  "optimization_type": "ensemble_weights",
  "method": "regime_specific_grid_search",
  "regimes_optimized": 3,
  "regime_weight_results": {
    "default": {
      "best_weights": {
        "ma_crossover": 0.25,
        "rsi": 0.25,
        "bb": 0.25,
        "macd": 0.25
      },
      "best_score": -3.384319068232821,
      "all_results": [
        {
          "weights": {
            "ma_crossover": 0.25,
            "rsi": 0.25,
            "bb": 0.25,
            "macd": 0.25
          },
          "score": -3.384319068232821,
          "trade_count": 35,
          "metrics": {
            "pnl": -210.9599999999773,
            "commission": 0.0,
            "count": 35,
            "wins": 11,
            "losses": 24,
            "pnl_values": [
              25.99999999999909,
              -3.4999999999968168,
              -11.000000000001364,
              18.000000000006366,
              -12.999999999999545,
              -9.000000000003183,
              -11.000000000001364,
              -9.000000000003183,
              1.999999999998181,
              10.590000000001965,
              -6.399999999996453,
              -14.999999999997726,
              -8.749999999997726,
              2.7500000000031832,
              -16.499999999996362,
              -18.99999999999409,
              -54.99999999999545,
              9.000000000003183,
              2.4999999999977263,
              -28.00000000000864,
              -33.00000000000409,
              19.500000000005002,
              -13.009999999997035,
              -27.99999999999727,
              -20.000000000004547,
              -13.999999999998636,
              -48.00000000000182,
              -7.000000000005002,
              -10.500000000001819,
              6.9999999999936335,
              -19.52999999999747,
              -24.099999999998545,
              -27.00999999999567,
              22.00000000000273,
              119.00000000000546
            ],
            "boundary_trade_count": 0,
            "boundary_trades_pnl": 0.0,
            "pure_regime_count": 35,
            "pure_regime_pnl": -210.9599999999773,
            "sharpe_ratio": -3.384319068232821,
            "win_rate": 0.3142857142857143,
            "avg_pnl": -6.027428571427923,
            "std_dev_pnl": 28.27229358169938,
            "gross_pnl": -210.9599999999773,
            "net_pnl": -210.9599999999773
          }
        }
      ],
      "combinations_tested": 1
    },
    "trending_down": {
      "best_weights": {
        "ma_crossover": 0.25,
        "rsi": 0.25,
        "bb": 0.25,
        "macd": 0.25
      },
      "best_score": 5.482408777872625,
      "all_results": [
        {
          "weights": {
            "ma_crossover": 0.25,
            "rsi": 0.25,
            "bb": 0.25,
            "macd": 0.25
          },
          "score": 5.482408777872625,
          "trade_count": 19,
          "metrics": {
            "pnl": 214.91000000000895,
            "commission": 0.0,
            "count": 19,
            "wins": 14,
            "losses": 5,
            "pnl_values": [
              21.000000000003638,
              10.000000000002274,
              28.759999999999764,
              11.759999999992488,
              -0.009999999997489795,
              7.000000000005002,
              50.99999999999909,
              -33.00000000000409,
              93.00000000000637,
              2.500000000009095,
              -13.999999999998636,
              -43.00000000000637,
              4.989999999997963,
              15.499999999997272,
              51.24999999999318,
              8.749999999997726,
              34.51000000000022,
              5.010000000004311,
              -40.10999999999285
            ],
            "boundary_trade_count": 0,
            "boundary_trades_pnl": 0.0,
            "pure_regime_count": 19,
            "pure_regime_pnl": 214.91000000000895,
            "sharpe_ratio": 5.482408777872625,
            "win_rate": 0.7368421052631579,
            "avg_pnl": 11.311052631579418,
            "std_dev_pnl": 32.75155159933292,
            "gross_pnl": 214.91000000000895,
            "net_pnl": 214.91000000000895
          }
        }
      ],
      "combinations_tested": 1
    },
    "trending_up": {
      "best_weights": {
        "ma_crossover": 0.25,
        "rsi": 0.25,
        "bb": 0.25,
        "macd": 0.25
      },
      "best_score": -3.9574251726414187,
      "all_results": [
        {
          "weights": {
            "ma_crossover": 0.25,
            "rsi": 0.25,
            "bb": 0.25,
            "macd": 0.25
          },
          "score": -3.9574251726414187,
          "trade_count": 7,
          "metrics": {
            "pnl": -125.01999999999498,
            "commission": 0.0,
            "count": 7,
            "wins": 2,
            "losses": 5,
            "pnl_values": [
              -157.000000000005,
              -17.009999999993397,
              41.990000000009786,
              -22.99999999999045,
              -12.999999999999545,
              -27.00000000000955,
              69.99999999999318
            ],
            "boundary_trade_count": 0,
            "boundary_trades_pnl": 0.0,
            "pure_regime_count": 7,
            "pure_regime_pnl": -125.01999999999498,
            "sharpe_ratio": -3.9574251726414187,
            "win_rate": 0.2857142857142857,
            "avg_pnl": -17.859999999999282,
            "std_dev_pnl": 71.64221637182165,
            "gross_pnl": -125.01999999999498,
            "net_pnl": -125.01999999999498
          }
        }
      ],
      "combinations_tested": 1
    }
  },
  "timestamp": "2025-05-26T21:56:35.605112",
  "regime_best_weights": {
    "default": {
      "weights": {
        "ma_crossover": 0.25,
        "rsi": 0.25,
        "bb": 0.25,
        "macd": 0.25
      },
      "sharpe_ratio": -3.384319068232821,
      "metrics": {
        "sharpe_ratio": -3.384319068232821
      }
    },
    "trending_down": {
      "weights": {
        "ma_crossover": 0.25,
        "rsi": 0.25,
        "bb": 0.25,
        "macd": 0.25
      },
      "sharpe_ratio": 5.482408777872625,
      "metrics": {
        "sharpe_ratio": 5.482408777872625
      }
    },
    "trending_up": {
      "weights": {
        "ma_crossover": 0.25,
        "rsi": 0.25,
        "bb": 0.25,
        "macd": 0.25
      },
      "sharpe_ratio": -3.9574251726414187,
      "metrics": {
        "sharpe_ratio": -3.9574251726414187
      }
    }
  }
}