{
  "best_parameters": {
    "trending_down": {
      "parameters": {
        "band_width_filter": 0.01
      },
      "sharpe_ratio": -1.7371997519815008,
      "win_rate": 0.22685185185185186,
      "total_return": -256.8699999999467
    },
    "default": {
      "parameters": {
        "band_width_filter": 0.0
      },
      "sharpe_ratio": 3.081360749566185,
      "win_rate": 0.3089887640449438,
      "total_return": 696.5899999999465
    },
    "trending_up": {
      "parameters": {
        "band_width_filter": 0.0
      },
      "sharpe_ratio": -4.638517318815385,
      "win_rate": 0.18,
      "total_return": -400.4999999999882
    }
  },
  "regime_statistics": {
    "trending_down": {
      "avg_return": -256.8699999999467,
      "std_return": 0.0,
      "avg_sharpe": -1.776554184814713,
      "avg_win_rate": 0.226397966594045,
      "total_trades": 636,
      "parameter_sets_tested": 3
    },
    "default": {
      "avg_return": 696.5899999999465,
      "std_return": 0.0,
      "avg_sharpe": 3.081360749566185,
      "avg_win_rate": 0.3089887640449438,
      "total_trades": 534,
      "parameter_sets_tested": 3
    },
    "trending_up": {
      "avg_return": -400.4999999999882,
      "std_return": 0.0,
      "avg_sharpe": -4.638517318815385,
      "avg_win_rate": 0.18000000000000002,
      "total_trades": 150,
      "parameter_sets_tested": 3
    }
  }
}