{
  "best_parameters": {
    "default": {
      "parameters": {
        "min_histogram_threshold": 0.0,
        "macd_indicator.fast_period": 8,
        "macd_indicator.slow_period": 20,
        "macd_indicator.signal_period": 7
      },
      "sharpe_ratio": -1.4133688552612316,
      "win_rate": 0.31291028446389496,
      "total_return": -1578.3300000001816,
      "num_trades": 457
    },
    "trending_up": {
      "parameters": {
        "min_histogram_threshold": 0.0,
        "macd_indicator.fast_period": 12,
        "macd_indicator.slow_period": 20,
        "macd_indicator.signal_period": 7
      },
      "sharpe_ratio": 0.9546157014355565,
      "win_rate": 0.28804347826086957,
      "total_return": 814.2500000001178,
      "num_trades": 184
    },
    "trending_down": {
      "parameters": {
        "min_histogram_threshold": 0.0,
        "macd_indicator.fast_period": 12,
        "macd_indicator.slow_period": 26,
        "macd_indicator.signal_period": 9
      },
      "sharpe_ratio": 1.3196246043555921,
      "win_rate": 0.3161764705882353,
      "total_return": 1109.5099999999547,
      "num_trades": 136
    },
    "volatile": {
      "parameters": {
        "min_histogram_threshold": 0.0,
        "macd_indicator.fast_period": 8,
        "macd_indicator.slow_period": 20,
        "macd_indicator.signal_period": 7
      },
      "sharpe_ratio": -2.31028416137105,
      "win_rate": 0.4,
      "total_return": -439.8000000000138,
      "num_trades": 15
    }
  },
  "regime_statistics": {
    "default": {
      "avg_return": -1909.4387500000582,
      "std_return": 278.11965273224746,
      "avg_sharpe": -2.009715559107698,
      "avg_win_rate": 0.31566303531602813,
      "total_trades": 9789,
      "parameter_sets_tested": 24
    },
    "trending_up": {
      "avg_return": 488.0300000001036,
      "std_return": 254.4925664435348,
      "avg_sharpe": 0.5932866027523296,
      "avg_win_rate": 0.2789891603903312,
      "total_trades": 4383,
      "parameter_sets_tested": 24
    },
    "trending_down": {
      "avg_return": 582.0287499999055,
      "std_return": 370.35559616530145,
      "avg_sharpe": 0.639767181820329,
      "avg_win_rate": 0.3285459817445615,
      "total_trades": 4353,
      "parameter_sets_tested": 24
    },
    "volatile": {
      "avg_return": -1401.010000000016,
      "std_return": 466.2965218077461,
      "avg_sharpe": -8.976474826354698,
      "avg_win_rate": 0.32529761904761906,
      "total_trades": 330,
      "parameter_sets_tested": 24
    }
  }
}