{
  "best_parameters": {
    "trending_down": {
      "parameters": {
        "fast_period": 8,
        "slow_period": 20,
        "signal_period": 7
      },
      "sharpe_ratio": -0.6845773550482511,
      "win_rate": 0.3333333333333333,
      "total_return": -30.740000000014334
    },
    "default": {
      "parameters": {
        "fast_period": 8,
        "slow_period": 20,
        "signal_period": 7
      },
      "sharpe_ratio": 3.117871624717078,
      "win_rate": 0.47058823529411764,
      "total_return": 370.88999999999714
    },
    "trending_up": {
      "parameters": {
        "fast_period": 8,
        "slow_period": 20,
        "signal_period": 7
      },
      "sharpe_ratio": -0.3528717222412646,
      "win_rate": 0.42857142857142855,
      "total_return": -17.249999999989996
    }
  },
  "regime_statistics": {
    "trending_down": {
      "avg_return": -30.740000000014334,
      "std_return": 0.0,
      "avg_sharpe": -0.6845773550482511,
      "avg_win_rate": 0.3333333333333334,
      "total_trades": 405,
      "parameter_sets_tested": 27
    },
    "default": {
      "avg_return": 370.8899999999972,
      "std_return": 5.684341886080802e-14,
      "avg_sharpe": 3.1178716247170786,
      "avg_win_rate": 0.47058823529411764,
      "total_trades": 1377,
      "parameter_sets_tested": 27
    },
    "trending_up": {
      "avg_return": -17.249999999989996,
      "std_return": 0.0,
      "avg_sharpe": -0.3528717222412646,
      "avg_win_rate": 0.42857142857142855,
      "total_trades": 378,
      "parameter_sets_tested": 27
    }
  }
}