{
  "best_parameters": {
    "default": {
      "parameters": {
        "band_width_filter": 0.0,
        "bb_indicator.lookback_period": 25,
        "bb_indicator.num_std_dev": 1.5
      },
      "sharpe_ratio": -0.8842237225608472,
      "win_rate": 0.6517278617710583,
      "total_return": -12150.919999999658,
      "num_trades": 1852
    },
    "trending_up": {
      "parameters": {
        "band_width_filter": 0.0,
        "bb_indicator.lookback_period": 20,
        "bb_indicator.num_std_dev": 1.5
      },
      "sharpe_ratio": 3.8195357556414624,
      "win_rate": 0.7724867724867724,
      "total_return": 6753.769999999946,
      "num_trades": 189
    },
    "trending_down": {
      "parameters": {
        "band_width_filter": 0.0,
        "bb_indicator.lookback_period": 15,
        "bb_indicator.num_std_dev": 2.0
      },
      "sharpe_ratio": 5.400444213941616,
      "win_rate": 0.784037558685446,
      "total_return": 9259.390000000005,
      "num_trades": 213
    },
    "volatile": {
      "parameters": {
        "band_width_filter": 0.0,
        "bb_indicator.lookback_period": 25,
        "bb_indicator.num_std_dev": 2.5
      },
      "sharpe_ratio": 12.21424337120015,
      "win_rate": 0.8571428571428571,
      "total_return": 9980.929999999978,
      "num_trades": 28
    }
  },
  "regime_statistics": {
    "default": {
      "avg_return": -17485.917777777693,
      "std_return": 4762.470912237254,
      "avg_sharpe": -2.0309762353663054,
      "avg_win_rate": 0.5893998390588677,
      "total_trades": 24346,
      "parameter_sets_tested": 18
    },
    "trending_up": {
      "avg_return": 5546.929999999976,
      "std_return": 3083.5604553394915,
      "avg_sharpe": 2.122776419089784,
      "avg_win_rate": 0.7135382693782897,
      "total_trades": 4470,
      "parameter_sets_tested": 18
    },
    "trending_down": {
      "avg_return": 4626.404444444448,
      "std_return": 2810.440340975112,
      "avg_sharpe": 2.833684402946103,
      "avg_win_rate": 0.7182455122621494,
      "total_trades": 3308,
      "parameter_sets_tested": 18
    },
    "volatile": {
      "avg_return": 8684.889999999978,
      "std_return": 2686.198060654982,
      "avg_sharpe": 6.065651439470798,
      "avg_win_rate": 0.7104865928586186,
      "total_trades": 1160,
      "parameter_sets_tested": 18
    }
  }
}