{
  "best_parameters": {
    "trending_down": {
      "parameters": {
        "oversold_threshold": 20.0,
        "overbought_threshold": 60.0,
        "rsi_indicator.lookback_period": 9
      },
      "sharpe_ratio": 5.09008080716525,
      "win_rate": 0.6923076923076923,
      "total_return": 263.29999999999245
    },
    "default": {
      "parameters": {
        "oversold_threshold": 20.0,
        "overbought_threshold": 60.0,
        "rsi_indicator.lookback_period": 9
      },
      "sharpe_ratio": 1.3079274465694346,
      "win_rate": 0.37777777777777777,
      "total_return": 144.34999999999718
    },
    "trending_up": {
      "parameters": {
        "oversold_threshold": 20.0,
        "overbought_threshold": 60.0,
        "rsi_indicator.lookback_period": 9
      },
      "sharpe_ratio": 1.1134157068667143,
      "win_rate": 0.64,
      "total_return": 63.250000000005
    }
  },
  "regime_statistics": {
    "trending_down": {
      "avg_return": 263.29999999999245,
      "std_return": 0.0,
      "avg_sharpe": 5.09008080716525,
      "avg_win_rate": 0.6923076923076924,
      "total_trades": 2080,
      "parameter_sets_tested": 80
    },
    "default": {
      "avg_return": 144.34999999999718,
      "std_return": 0.0,
      "avg_sharpe": 1.3079274465694348,
      "avg_win_rate": 0.37777777777777777,
      "total_trades": 3600,
      "parameter_sets_tested": 80
    },
    "trending_up": {
      "avg_return": 63.250000000005,
      "std_return": 0.0,
      "avg_sharpe": 1.1134157068667143,
      "avg_win_rate": 0.6399999999999999,
      "total_trades": 2000,
      "parameter_sets_tested": 80
    }
  }
}