{
  "best_parameters": {
    "default": {
      "parameters": {
        "weight": 0.4,
        "min_separation": 0.001
      },
      "sharpe_ratio": -3.234605129861325,
      "win_rate": 0.35294117647058826,
      "total_return": -421.9299999999407
    },
    "trending_down": {
      "parameters": {
        "weight": 0.4,
        "min_separation": 0.0
      },
      "sharpe_ratio": 1.2476066779895543,
      "win_rate": 0.2692307692307692,
      "total_return": 66.65000000003829
    },
    "trending_up": {
      "parameters": {
        "weight": 0.4,
        "min_separation": 0.0
      },
      "sharpe_ratio": 4.0548858746218235,
      "win_rate": 0.4,
      "total_return": 195.9999999999809
    }
  },
  "regime_statistics": {
    "default": {
      "avg_return": -423.9716666666074,
      "std_return": 6.771442280309066,
      "avg_sharpe": -3.2460048487841013,
      "avg_win_rate": 0.3521008403361345,
      "total_trades": 818,
      "parameter_sets_tested": 12
    },
    "trending_down": {
      "avg_return": 45.108333333370375,
      "std_return": 6.495056881113036,
      "avg_sharpe": 0.8008832084684326,
      "avg_win_rate": 0.2753094606542883,
      "total_trades": 345,
      "parameter_sets_tested": 12
    },
    "trending_up": {
      "avg_return": 195.9999999999809,
      "std_return": 0.0,
      "avg_sharpe": 4.0548858746218235,
      "avg_win_rate": 0.4000000000000001,
      "total_trades": 480,
      "parameter_sets_tested": 12
    }
  }
}