{
  "best_parameters": {
    "default": {
      "parameters": {
        "lookback_period": 9
      },
      "sharpe_ratio": -2.6199102713426825,
      "win_rate": 0.47572815533980584,
      "total_return": -2444.299999999794
    },
    "trending_up": {
      "parameters": {
        "lookback_period": 14
      },
      "sharpe_ratio": 2.427111278162185,
      "win_rate": 0.7486772486772487,
      "total_return": 3026.40000000001
    },
    "trending_down": {
      "parameters": {
        "lookback_period": 21
      },
      "sharpe_ratio": 0.6876915700005372,
      "win_rate": 0.6448275862068965,
      "total_return": 916.8400000000645
    },
    "volatile": {
      "parameters": {
        "lookback_period": 9
      },
      "sharpe_ratio": 6.831645700402039,
      "win_rate": 0.7142857142857143,
      "total_return": 654.0000000000077
    }
  },
  "regime_statistics": {
    "default": {
      "avg_return": -4455.832499999949,
      "std_return": 1200.0239122071528,
      "avg_sharpe": -6.429080675629391,
      "avg_win_rate": 0.3031670948401095,
      "total_trades": 959,
      "parameter_sets_tested": 4
    },
    "trending_up": {
      "avg_return": 1918.490000000067,
      "std_return": 851.1938963303014,
      "avg_sharpe": 1.8075185381154601,
      "avg_win_rate": 0.7156122097361637,
      "total_trades": 1276,
      "parameter_sets_tested": 4
    },
    "trending_down": {
      "avg_return": 795.7524999999735,
      "std_return": 165.3864032160294,
      "avg_sharpe": 0.5748472866636285,
      "avg_win_rate": 0.6573167306123975,
      "total_trades": 1394,
      "parameter_sets_tested": 4
    },
    "volatile": {
      "avg_return": 571.5200000000025,
      "std_return": 107.08908978042399,
      "avg_sharpe": 4.722390514430042,
      "avg_win_rate": 0.5357142857142858,
      "total_trades": 28,
      "parameter_sets_tested": 4
    }
  }
}