{
  "best_parameters": {
    "default": {
      "parameters": {
        "band_width_filter": 0.0,
        "bb_indicator.lookback_period": 20,
        "bb_indicator.num_std_dev": 2.0
      },
      "sharpe_ratio": 8.808267432333697,
      "win_rate": 0.48,
      "total_return": 162.5699999999938
    },
    "trending_up": {
      "parameters": {
        "band_width_filter": 0.0,
        "bb_indicator.lookback_period": 15,
        "bb_indicator.num_std_dev": 1.5
      },
      "sharpe_ratio": -4.208917826993197,
      "win_rate": 0.2727272727272727,
      "total_return": -28.499999999996817
    },
    "trending_down": {
      "parameters": {
        "band_width_filter": 0.0,
        "bb_indicator.lookback_period": 15,
        "bb_indicator.num_std_dev": 1.5
      },
      "sharpe_ratio": -1.9632722659005126,
      "win_rate": 0.2,
      "total_return": -10.010000000011132
    }
  },
  "regime_statistics": {
    "default": {
      "avg_return": 98.98333333332454,
      "std_return": 63.367305274702346,
      "avg_sharpe": 5.502238340848306,
      "avg_win_rate": 0.41042441827388065,
      "total_trades": 408,
      "parameter_sets_tested": 18
    },
    "trending_up": {
      "avg_return": -28.499999999996817,
      "std_return": 0.0,
      "avg_sharpe": -4.208917826993199,
      "avg_win_rate": 0.2727272727272726,
      "total_trades": 308,
      "parameter_sets_tested": 14
    },
    "trending_down": {
      "avg_return": -35.676666666670876,
      "std_return": 10.7496769977293,
      "avg_sharpe": -14.376141698365977,
      "avg_win_rate": 0.022222222222222223,
      "total_trades": 90,
      "parameter_sets_tested": 18
    }
  }
}