{
  "best_parameters": {
    "default": {
      "parameters": {
        "lookback_period": 9
      },
      "sharpe_ratio": -2.847075863288476,
      "win_rate": 0.2692307692307692,
      "total_return": -96.29999999999654
    },
    "trending_down": {
      "parameters": {
        "lookback_period": 30
      },
      "sharpe_ratio": 0.5031708036375161,
      "win_rate": 0.42857142857142855,
      "total_return": 8.87000000000171
    },
    "trending_up": {
      "parameters": {
        "lookback_period": 30
      },
      "sharpe_ratio": 7.521888561040473,
      "win_rate": 0.5,
      "total_return": 260.0000000000023
    }
  },
  "regime_statistics": {
    "default": {
      "avg_return": -168.92749999998387,
      "std_return": 46.846648959652896,
      "avg_sharpe": -4.207180746514102,
      "avg_win_rate": 0.2637722660404112,
      "total_trades": 117,
      "parameter_sets_tested": 4
    },
    "trending_down": {
      "avg_return": -39.279999999999404,
      "std_return": 38.403238795708,
      "avg_sharpe": -1.6192466027056425,
      "avg_win_rate": 0.36339285714285713,
      "total_trades": 37,
      "parameter_sets_tested": 4
    },
    "trending_up": {
      "avg_return": 238.10750000000382,
      "std_return": 19.820294365876872,
      "avg_sharpe": 6.362611744344432,
      "avg_win_rate": 0.41666666666666663,
      "total_trades": 10,
      "parameter_sets_tested": 4
    }
  }
}