{
  "best_parameters": {
    "default": {
      "parameters": {
        "weight": 0.4,
        "min_separation": 0.001
      },
      "sharpe_ratio": -2.836173694283987,
      "win_rate": 0.25968109339407747,
      "total_return": -4997.930000000184
    },
    "trending_up": {
      "parameters": {
        "weight": 0.4,
        "min_separation": 0.0
      },
      "sharpe_ratio": 1.0832326205527203,
      "win_rate": 0.30454545454545456,
      "total_return": 1588.3600000002161
    },
    "trending_down": {
      "parameters": {
        "weight": 0.4,
        "min_separation": 0.001
      },
      "sharpe_ratio": 1.7394105329088423,
      "win_rate": 0.3184979137691238,
      "total_return": 3309.3399999999824
    },
    "volatile": {
      "parameters": {
        "weight": 0.4,
        "min_separation": 0.0
      },
      "sharpe_ratio": -4.695722732993164,
      "win_rate": 0.2413793103448276,
      "total_return": -1413.5499999999922
    }
  },
  "regime_statistics": {
    "default": {
      "avg_return": -5000.470000000183,
      "std_return": 8.424226967502594,
      "avg_sharpe": -2.8398470752854776,
      "avg_win_rate": 0.25966262389952594,
      "total_trades": 15782,
      "parameter_sets_tested": 12
    },
    "trending_up": {
      "avg_return": 1549.4016666668658,
      "std_return": 11.74637946584707,
      "avg_sharpe": 1.0444710007884301,
      "avg_win_rate": 0.3021083476272155,
      "total_trades": 10791,
      "parameter_sets_tested": 12
    },
    "trending_down": {
      "avg_return": 3308.421666666647,
      "std_return": 3.045767099148441,
      "avg_sharpe": 1.7386109261173817,
      "avg_win_rate": 0.31850305068725543,
      "total_trades": 8631,
      "parameter_sets_tested": 12
    },
    "volatile": {
      "avg_return": -1413.5499999999922,
      "std_return": 0.0,
      "avg_sharpe": -4.695722732993163,
      "avg_win_rate": 0.24137931034482754,
      "total_trades": 348,
      "parameter_sets_tested": 12
    }
  }
}