{
  "best_parameters": {
    "default": {
      "parameters": {
        "min_histogram_threshold": 0.0
      },
      "sharpe_ratio": 0.5172025229790737,
      "win_rate": 0.27626459143968873,
      "total_return": 153.75999999996566
    },
    "trending_up": {
      "parameters": {
        "min_histogram_threshold": 0.0
      },
      "sharpe_ratio": 0.6111281313193037,
      "win_rate": 0.28205128205128205,
      "total_return": 67.84000000002379
    },
    "trending_down": {
      "parameters": {
        "min_histogram_threshold": 0.0
      },
      "sharpe_ratio": 1.8236690972380276,
      "win_rate": 0.25757575757575757,
      "total_return": 157.5999999999908
    }
  },
  "regime_statistics": {
    "default": {
      "avg_return": 153.75999999996566,
      "std_return": 0.0,
      "avg_sharpe": 0.5172025229790737,
      "avg_win_rate": 0.27626459143968873,
      "total_trades": 771,
      "parameter_sets_tested": 3
    },
    "trending_up": {
      "avg_return": 67.84000000002379,
      "std_return": 0.0,
      "avg_sharpe": 0.6111281313193037,
      "avg_win_rate": 0.28205128205128205,
      "total_trades": 234,
      "parameter_sets_tested": 3
    },
    "trending_down": {
      "avg_return": 157.5999999999908,
      "std_return": 0.0,
      "avg_sharpe": 1.8236690972380274,
      "avg_win_rate": 0.25757575757575757,
      "total_trades": 198,
      "parameter_sets_tested": 3
    }
  }
}