{
  "best_parameters": {
    "volatile": {
      "parameters": {
        "lookback_period": 14
      },
      "sharpe_ratio": 5.209967305769234,
      "win_rate": 0.7,
      "total_return": 241.83000000001016
    },
    "default": {
      "parameters": {
        "lookback_period": 9
      },
      "sharpe_ratio": -0.11010318338251333,
      "win_rate": 0.41689373297002724,
      "total_return": -105.87999999996214
    },
    "trending_down": {
      "parameters": {
        "lookback_period": 30
      },
      "sharpe_ratio": -1.7321727307943284,
      "win_rate": 0.2896551724137931,
      "total_return": -1693.020000000081
    },
    "trending_up": {
      "parameters": {
        "lookback_period": 30
      },
      "sharpe_ratio": -0.4591014694516958,
      "win_rate": 0.2978723404255319,
      "total_return": -324.61999999993054
    }
  },
  "regime_statistics": {
    "volatile": {
      "avg_return": 205.20500000001078,
      "std_return": 49.27141032079319,
      "avg_sharpe": 4.353996051502756,
      "avg_win_rate": 0.6757575757575757,
      "total_trades": 40,
      "parameter_sets_tested": 4
    },
    "default": {
      "avg_return": -974.8699999999915,
      "std_return": 684.8532186899682,
      "avg_sharpe": -0.9308403270295812,
      "avg_win_rate": 0.39644762643285136,
      "total_trades": 1600,
      "parameter_sets_tested": 4
    },
    "trending_down": {
      "avg_return": -2255.3300000000595,
      "std_return": 351.35503874285223,
      "avg_sharpe": -2.261877210121156,
      "avg_win_rate": 0.2853585626628147,
      "total_trades": 589,
      "parameter_sets_tested": 4
    },
    "trending_up": {
      "avg_return": -516.0449999999414,
      "std_return": 174.1603724301408,
      "avg_sharpe": -0.7491496435515304,
      "avg_win_rate": 0.3147208054417733,
      "total_trades": 551,
      "parameter_sets_tested": 4
    }
  }
}