{
  "best_parameters": {
    "trending_down": {
      "parameters": {
        "band_width_filter": 0.0,
        "bb_indicator.lookback_period": 25,
        "bb_indicator.num_std_dev": 2.0
      },
      "sharpe_ratio": -1.3105331201573547,
      "win_rate": 0.23412698412698413,
      "total_return": -213.0999999999517
    },
    "default": {
      "parameters": {
        "band_width_filter": 0.0,
        "bb_indicator.lookback_period": 25,
        "bb_indicator.num_std_dev": 1.5
      },
      "sharpe_ratio": 4.3397997896831,
      "win_rate": 0.3902439024390244,
      "total_return": 970.5499999999461
    },
    "trending_up": {
      "parameters": {
        "band_width_filter": 0.0,
        "bb_indicator.lookback_period": 25,
        "bb_indicator.num_std_dev": 2.5
      },
      "sharpe_ratio": 1.4339438513715101,
      "win_rate": 0.1875,
      "total_return": 287.49999999998863
    }
  },
  "regime_statistics": {
    "trending_down": {
      "avg_return": -327.78111111106983,
      "std_return": 89.66724751292192,
      "avg_sharpe": -1.9845991054857381,
      "avg_win_rate": 0.2269151258264037,
      "total_trades": 4746,
      "parameter_sets_tested": 18
    },
    "default": {
      "avg_return": 679.7333333332757,
      "std_return": 196.44951095776798,
      "avg_sharpe": 3.118422118579642,
      "avg_win_rate": 0.33765815262762655,
      "total_trades": 2972,
      "parameter_sets_tested": 18
    },
    "trending_up": {
      "avg_return": -291.7311111111113,
      "std_return": 221.3823447966251,
      "avg_sharpe": -2.646290835185068,
      "avg_win_rate": 0.172103417420869,
      "total_trades": 2278,
      "parameter_sets_tested": 18
    }
  }
}