{
  "best_parameters": {
    "default": {
      "parameters": {
        "min_histogram_threshold": 0.0,
        "macd_indicator.fast_period": 12,
        "macd_indicator.slow_period": 26,
        "macd_indicator.signal_period": 9
      },
      "sharpe_ratio": -2.4750693770166743,
      "win_rate": 0.29755835792862895,
      "total_return": -25410.729999999243,
      "num_trades": 3727
    },
    "trending_up": {
      "parameters": {
        "min_histogram_threshold": 0.0,
        "macd_indicator.fast_period": 12,
        "macd_indicator.slow_period": 20,
        "macd_indicator.signal_period": 9
      },
      "sharpe_ratio": 1.7667758207487154,
      "win_rate": 0.3619806488332385,
      "total_return": 16627.928199999915,
      "num_trades": 1757
    },
    "trending_down": {
      "parameters": {
        "min_histogram_threshold": 0.0,
        "macd_indicator.fast_period": 12,
        "macd_indicator.slow_period": 20,
        "macd_indicator.signal_period": 9
      },
      "sharpe_ratio": 1.4836545849693723,
      "win_rate": 0.3590483056957462,
      "total_return": 11473.319999999832,
      "num_trades": 1387
    },
    "volatile": {
      "parameters": {
        "min_histogram_threshold": 0.0,
        "macd_indicator.fast_period": 8,
        "macd_indicator.slow_period": 26,
        "macd_indicator.signal_period": 7
      },
      "sharpe_ratio": -2.6964948180886132,
      "win_rate": 0.3254437869822485,
      "total_return": -8255.17000000005,
      "num_trades": 169
    }
  },
  "regime_statistics": {
    "default": {
      "avg_return": -27254.814999999635,
      "std_return": 1615.1922978317102,
      "avg_sharpe": -2.954324797474293,
      "avg_win_rate": 0.29693849650988013,
      "total_trades": 95424,
      "parameter_sets_tested": 24
    },
    "trending_up": {
      "avg_return": 15065.14240000006,
      "std_return": 1448.0293483740304,
      "avg_sharpe": 1.51129341688522,
      "avg_win_rate": 0.35482808277596484,
      "total_trades": 48480,
      "parameter_sets_tested": 24
    },
    "trending_down": {
      "avg_return": 11546.868749999694,
      "std_return": 1242.1531712155675,
      "avg_sharpe": 1.3372562347286288,
      "avg_win_rate": 0.3478959889207925,
      "total_trades": 38952,
      "parameter_sets_tested": 24
    },
    "volatile": {
      "avg_return": -11816.895000000026,
      "std_return": 2780.9851499828255,
      "avg_sharpe": -4.1543517692077465,
      "avg_win_rate": 0.2901310182738157,
      "total_trades": 3807,
      "parameter_sets_tested": 24
    }
  }
}