{
  "best_parameters": {
    "default": {
      "parameters": {
        "min_histogram_threshold": 0.0,
        "macd_indicator.fast_period": 8,
        "macd_indicator.slow_period": 20,
        "macd_indicator.signal_period": 7
      },
      "sharpe_ratio": -0.5407403227489711,
      "win_rate": 0.3128491620111732,
      "total_return": -1858.3200000002257,
      "num_trades": 895
    }
  },
  "regime_statistics": {
    "default": {
      "avg_return": -2240.3900000000654,
      "std_return": 394.27727755975064,
      "avg_sharpe": -0.702034593973137,
      "avg_win_rate": 0.3104269433277955,
      "total_trades": 18855,
      "parameter_sets_tested": 24
    }
  }
}