{
  "best_parameters": {
    "trending_down": {
      "parameters": {
        "band_width_filter": 0.0
      },
      "sharpe_ratio": -1.6654568183231957,
      "win_rate": 0.22972972972972974,
      "total_return": -243.99999999993724
    },
    "default": {
      "parameters": {
        "band_width_filter": 0.0
      },
      "sharpe_ratio": 3.0015360631708536,
      "win_rate": 0.3055555555555556,
      "total_return": 683.719999999937
    },
    "trending_up": {
      "parameters": {
        "band_width_filter": 0.0
      },
      "sharpe_ratio": -4.133810295737245,
      "win_rate": 0.16981132075471697,
      "total_return": -400.4999999999882
    }
  },
  "regime_statistics": {
    "trending_down": {
      "avg_return": -243.99999999993724,
      "std_return": 0.0,
      "avg_sharpe": -1.6654568183231957,
      "avg_win_rate": 0.22972972972972974,
      "total_trades": 666,
      "parameter_sets_tested": 3
    },
    "default": {
      "avg_return": 683.719999999937,
      "std_return": 0.0,
      "avg_sharpe": 3.0015360631708536,
      "avg_win_rate": 0.3055555555555556,
      "total_trades": 540,
      "parameter_sets_tested": 3
    },
    "trending_up": {
      "avg_return": -400.4999999999882,
      "std_return": 0.0,
      "avg_sharpe": -4.133810295737245,
      "avg_win_rate": 0.16981132075471697,
      "total_trades": 318,
      "parameter_sets_tested": 3
    }
  }
}