{
  "best_parameters": {
    "trending_down": {
      "parameters": {
        "lookback_period": 14
      },
      "sharpe_ratio": 1.020434898124398,
      "win_rate": 0.64,
      "total_return": 38.16999999999098
    },
    "default": {
      "parameters": {
        "lookback_period": 9
      },
      "sharpe_ratio": 0.016249249022278475,
      "win_rate": 0.5490196078431373,
      "total_return": 1.1200000000371801
    },
    "trending_up": {
      "parameters": {
        "lookback_period": 21
      },
      "sharpe_ratio": 0.6979239760152588,
      "win_rate": 0.6666666666666666,
      "total_return": 35.05000000002383
    }
  },
  "regime_statistics": {
    "trending_down": {
      "avg_return": 23.21499999997627,
      "std_return": 21.730734571118255,
      "avg_sharpe": 0.5981130406487969,
      "avg_win_rate": 0.5862833072100313,
      "total_trades": 92,
      "parameter_sets_tested": 4
    },
    "default": {
      "avg_return": -126.21749999998144,
      "std_return": 100.03308736988737,
      "avg_sharpe": -2.2565907352692025,
      "avg_win_rate": 0.36560293724546755,
      "total_trades": 152,
      "parameter_sets_tested": 4
    },
    "trending_up": {
      "avg_return": -69.64749999999924,
      "std_return": 74.88841778774191,
      "avg_sharpe": -1.5796501988597864,
      "avg_win_rate": 0.5277777777777777,
      "total_trades": 48,
      "parameter_sets_tested": 4
    }
  }
}