{
  "best_parameters": {
    "default": {
      "parameters": {
        "band_width_filter": 0.0,
        "bb_indicator.lookback_period": 15,
        "bb_indicator.num_std_dev": 1.5
      },
      "sharpe_ratio": 4.6667875160420955,
      "win_rate": 0.43290687295447783,
      "total_return": 23514.78000000007
    },
    "trending_down": {
      "parameters": {
        "band_width_filter": 0.0,
        "bb_indicator.lookback_period": 25,
        "bb_indicator.num_std_dev": 2.5
      },
      "sharpe_ratio": -1.2434332630356804,
      "win_rate": 0.207933299646286,
      "total_return": -7198.590000000026
    },
    "trending_up": {
      "parameters": {
        "band_width_filter": 0.0,
        "bb_indicator.lookback_period": 25,
        "bb_indicator.num_std_dev": 2.5
      },
      "sharpe_ratio": -0.6445983982324054,
      "win_rate": 0.2034279291935937,
      "total_return": -3136.1699999999814
    },
    "volatile": {
      "parameters": {
        "band_width_filter": 0.0,
        "bb_indicator.lookback_period": 25,
        "bb_indicator.num_std_dev": 2.5
      },
      "sharpe_ratio": 8.015356512934957,
      "win_rate": 0.4827586206896552,
      "total_return": 2243.1800000000007
    }
  },
  "regime_statistics": {
    "default": {
      "avg_return": 14969.044444444464,
      "std_return": 5668.92137119406,
      "avg_sharpe": 3.3111935730071647,
      "avg_win_rate": 0.364472485185656,
      "total_trades": 48086,
      "parameter_sets_tested": 18
    },
    "trending_down": {
      "avg_return": -10160.927777777766,
      "std_return": 2103.991016176295,
      "avg_sharpe": -1.8646477273082374,
      "avg_win_rate": 0.2006737903379983,
      "total_trades": 80412,
      "parameter_sets_tested": 18
    },
    "trending_up": {
      "avg_return": -7833.064444444393,
      "std_return": 3302.08395353969,
      "avg_sharpe": -1.5258233600693132,
      "avg_win_rate": 0.194296985414089,
      "total_trades": 82322,
      "parameter_sets_tested": 18
    },
    "volatile": {
      "avg_return": 2406.549999999999,
      "std_return": 507.03176510177383,
      "avg_sharpe": 6.8795387099370275,
      "avg_win_rate": 0.49559096633731137,
      "total_trades": 734,
      "parameter_sets_tested": 18
    }
  }
}