{
  "best_parameters": {
    "default": {
      "parameters": {
        "min_histogram_threshold": 0.0,
        "macd_indicator.fast_period": 12,
        "macd_indicator.slow_period": 26,
        "macd_indicator.signal_period": 7
      },
      "sharpe_ratio": -0.3300113288874194,
      "win_rate": 0.3953488372093023,
      "total_return": -22.770000000025448,
      "num_trades": 43
    },
    "trending_up": {
      "parameters": {
        "min_histogram_threshold": 0.0,
        "macd_indicator.fast_period": 12,
        "macd_indicator.slow_period": 20,
        "macd_indicator.signal_period": 7
      },
      "sharpe_ratio": 4.815966460410135,
      "win_rate": 0.38461538461538464,
      "total_return": 371.41000000003714,
      "num_trades": 13
    },
    "trending_down": {
      "parameters": {
        "min_histogram_threshold": 0.0,
        "macd_indicator.fast_period": 12,
        "macd_indicator.slow_period": 20,
        "macd_indicator.signal_period": 9
      },
      "sharpe_ratio": 2.7245245992134794,
      "win_rate": 0.25,
      "total_return": 75.25999999999158,
      "num_trades": 12
    }
  },
  "regime_statistics": {
    "default": {
      "avg_return": -91.26125000001366,
      "std_return": 33.42018904699586,
      "avg_sharpe": -1.7602871188751383,
      "avg_win_rate": 0.40696880343611763,
      "total_trades": 1002,
      "parameter_sets_tested": 24
    },
    "trending_up": {
      "avg_return": 320.55000000002707,
      "std_return": 36.7318815880654,
      "avg_sharpe": 3.8892494655667966,
      "avg_win_rate": 0.33234942087496266,
      "total_trades": 363,
      "parameter_sets_tested": 24
    },
    "trending_down": {
      "avg_return": 52.25375000000696,
      "std_return": 39.60053722409952,
      "avg_sharpe": 1.6148378375982517,
      "avg_win_rate": 0.4282944577352472,
      "total_trades": 306,
      "parameter_sets_tested": 24
    }
  }
}