{
  "best_parameters": {
    "default": {
      "parameters": {
        "band_width_filter": 0.0,
        "bb_indicator.lookback_period": 15,
        "bb_indicator.num_std_dev": 1.5
      },
      "sharpe_ratio": 2.5070358813809164,
      "win_rate": 0.391304347826087,
      "total_return": 377.3200000000088
    },
    "trending_up": {
      "parameters": {
        "band_width_filter": 0.0,
        "bb_indicator.lookback_period": 15,
        "bb_indicator.num_std_dev": 1.5
      },
      "sharpe_ratio": 9.522188018095687,
      "win_rate": 0.6666666666666666,
      "total_return": 667.9999999999836
    },
    "trending_down": {
      "parameters": {
        "band_width_filter": 0.0,
        "bb_indicator.lookback_period": 15,
        "bb_indicator.num_std_dev": 1.5
      },
      "sharpe_ratio": -21.555135963749805,
      "win_rate": 0.0,
      "total_return": -145.9800000000314
    }
  },
  "regime_statistics": {
    "default": {
      "avg_return": 377.3200000000088,
      "std_return": 0.0,
      "avg_sharpe": 2.5070358813809164,
      "avg_win_rate": 0.391304347826087,
      "total_trades": 414,
      "parameter_sets_tested": 18
    },
    "trending_up": {
      "avg_return": 667.9999999999836,
      "std_return": 0.0,
      "avg_sharpe": 9.522188018095685,
      "avg_win_rate": 0.6666666666666665,
      "total_trades": 108,
      "parameter_sets_tested": 18
    },
    "trending_down": {
      "avg_return": -145.9800000000314,
      "std_return": 0.0,
      "avg_sharpe": -21.555135963749805,
      "avg_win_rate": 0.0,
      "total_trades": 36,
      "parameter_sets_tested": 18
    }
  }
}