{
  "best_parameters": {
    "default": {
      "parameters": {
        "min_histogram_threshold": 0.0,
        "macd_indicator.fast_period": 12,
        "macd_indicator.slow_period": 32,
        "macd_indicator.signal_period": 11
      },
      "sharpe_ratio": 1.3876909463879965,
      "win_rate": 0.28169014084507044,
      "total_return": 401.96000000009917
    },
    "trending_up": {
      "parameters": {
        "min_histogram_threshold": 0.0,
        "macd_indicator.fast_period": 12,
        "macd_indicator.slow_period": 32,
        "macd_indicator.signal_period": 11
      },
      "sharpe_ratio": 1.571790980333446,
      "win_rate": 0.29577464788732394,
      "total_return": 221.00000000003774
    },
    "trending_down": {
      "parameters": {
        "min_histogram_threshold": 0.0,
        "macd_indicator.fast_period": 12,
        "macd_indicator.slow_period": 20,
        "macd_indicator.signal_period": 9
      },
      "sharpe_ratio": 2.205281080591433,
      "win_rate": 0.2625,
      "total_return": 180.8400000000006
    }
  },
  "regime_statistics": {
    "default": {
      "avg_return": 174.1181481481531,
      "std_return": 115.95755350596853,
      "avg_sharpe": 0.5984951555611057,
      "avg_win_rate": 0.2779582803059744,
      "total_trades": 18468,
      "parameter_sets_tested": 81
    },
    "trending_up": {
      "avg_return": 113.09111111112652,
      "std_return": 69.04030150643148,
      "avg_sharpe": 0.7849387441453824,
      "avg_win_rate": 0.263304903657503,
      "total_trades": 6999,
      "parameter_sets_tested": 81
    },
    "trending_down": {
      "avg_return": 108.073703703715,
      "std_return": 61.93608241405134,
      "avg_sharpe": 1.2841613367855746,
      "avg_win_rate": 0.27159267039777824,
      "total_trades": 6273,
      "parameter_sets_tested": 81
    }
  }
}