{
  "best_parameters": {
    "trending_down": {
      "parameters": {
        "lookback_period": 9
      },
      "sharpe_ratio": -0.9672923526976115,
      "win_rate": 0.2625,
      "total_return": -72.67000000006192
    },
    "default": {
      "parameters": {
        "lookback_period": 21
      },
      "sharpe_ratio": 3.172382600902563,
      "win_rate": 0.4824561403508772,
      "total_return": 717.4600000000851
    },
    "trending_up": {
      "parameters": {
        "lookback_period": 30
      },
      "sharpe_ratio": -1.6703121901300009,
      "win_rate": 0.29850746268656714,
      "total_return": -107.61000000004515
    }
  },
  "regime_statistics": {
    "trending_down": {
      "avg_return": -102.96500000005437,
      "std_return": 25.388404341349304,
      "avg_sharpe": -1.4380258738116527,
      "avg_win_rate": 0.2386342091007584,
      "total_trades": 309,
      "parameter_sets_tested": 4
    },
    "default": {
      "avg_return": 696.3725000000863,
      "std_return": 43.85118320810961,
      "avg_sharpe": 2.9619412002570993,
      "avg_win_rate": 0.47486992803222655,
      "total_trades": 495,
      "parameter_sets_tested": 4
    },
    "trending_up": {
      "avg_return": -134.66250000003868,
      "std_return": 18.937733991947944,
      "avg_sharpe": -2.2585861736117043,
      "avg_win_rate": 0.3007123473541384,
      "total_trades": 266,
      "parameter_sets_tested": 4
    }
  }
}