{
  "best_parameters": {
    "default": {
      "parameters": {
        "min_separation": 0.0,
        "fast_ma.lookback_period": 5,
        "slow_ma.lookback_period": 20
      },
      "sharpe_ratio": -2.0778492171028575,
      "win_rate": 0.25646286417726716,
      "total_return": -6560.21999999994
    },
    "trending_up": {
      "parameters": {
        "min_separation": 0.0,
        "fast_ma.lookback_period": 10,
        "slow_ma.lookback_period": 50
      },
      "sharpe_ratio": 2.6824122817180363,
      "win_rate": 0.32494099134539733,
      "total_return": 10769.349999999977
    },
    "trending_down": {
      "parameters": {
        "min_separation": 0.0,
        "fast_ma.lookback_period": 10,
        "slow_ma.lookback_period": 50
      },
      "sharpe_ratio": 2.9431890151946467,
      "win_rate": 0.3396111786148238,
      "total_return": 10600.36000000008
    },
    "volatile": {
      "parameters": {
        "min_separation": 0.0,
        "fast_ma.lookback_period": 15,
        "slow_ma.lookback_period": 40
      },
      "sharpe_ratio": -3.333387877418555,
      "win_rate": 0.25274725274725274,
      "total_return": -1824.9800000000107
    }
  },
  "regime_statistics": {
    "default": {
      "avg_return": -14256.363333333333,
      "std_return": 4240.05010024116,
      "avg_sharpe": -3.1772635753991434,
      "avg_win_rate": 0.2044984281831782,
      "total_trades": 127797,
      "parameter_sets_tested": 36
    },
    "trending_up": {
      "avg_return": 7458.136388888948,
      "std_return": 2195.4430548968753,
      "avg_sharpe": 1.9045019393298641,
      "avg_win_rate": 0.3135377829545872,
      "total_trades": 78159,
      "parameter_sets_tested": 36
    },
    "trending_down": {
      "avg_return": 7903.7477777778095,
      "std_return": 1673.043033676668,
      "avg_sharpe": 2.2593980683545634,
      "avg_win_rate": 0.32894554095838685,
      "total_trades": 51749,
      "parameter_sets_tested": 36
    },
    "volatile": {
      "avg_return": -1947.3736111111273,
      "std_return": 333.9269524175178,
      "avg_sharpe": -5.18705988772043,
      "avg_win_rate": 0.22344249468988828,
      "total_trades": 2312,
      "parameter_sets_tested": 36
    }
  }
}