{
  "best_parameters": {
    "default": {
      "parameters": {
        "oversold_threshold": 25.0,
        "overbought_threshold": 65.0,
        "rsi_indicator.lookback_period": 30
      },
      "sharpe_ratio": 8.483865238591397,
      "win_rate": 0.7857142857142857,
      "total_return": 2196.0800000000463,
      "num_trades": 14
    }
  },
  "regime_statistics": {
    "default": {
      "avg_return": 474.7300000000203,
      "std_return": 998.2174508693033,
      "avg_sharpe": 1.3361123999454583,
      "avg_win_rate": 0.6248728691585516,
      "total_trades": 3695,
      "parameter_sets_tested": 80
    }
  }
}