{
  "best_parameters": {
    "default": {
      "parameters": {
        "band_width_filter": 0.0,
        "bb_indicator.lookback_period": 25,
        "bb_indicator.num_std_dev": 2.5
      },
      "sharpe_ratio": 2.2248341398901137,
      "win_rate": 0.7142857142857143,
      "total_return": 2715.1200000000185,
      "num_trades": 91
    }
  },
  "regime_statistics": {
    "default": {
      "avg_return": 1172.017777777856,
      "std_return": 909.4621835126119,
      "avg_sharpe": 0.7486620738695892,
      "avg_win_rate": 0.6915125675663076,
      "total_trades": 3370,
      "parameter_sets_tested": 18
    }
  }
}