{
  "best_parameters": {
    "default": {
      "parameters": {
        "min_histogram_threshold": 0.0,
        "macd_indicator.fast_period": 12,
        "macd_indicator.slow_period": 20,
        "macd_indicator.signal_period": 9
      },
      "sharpe_ratio": 1.7689186124706302,
      "win_rate": 0.375,
      "total_return": 348.45999999995456
    }
  },
  "regime_statistics": {
    "default": {
      "avg_return": 281.54250000002037,
      "std_return": 56.47102393039063,
      "avg_sharpe": 1.3500277322814334,
      "avg_win_rate": 0.39284377603491255,
      "total_trades": 1671,
      "parameter_sets_tested": 24
    }
  }
}