{
  "best_parameters": {
    "default": {
      "parameters": {
        "min_separation": 0.002,
        "fast_ma.lookback_period": 5,
        "slow_ma.lookback_period": 20
      },
      "sharpe_ratio": 0.7894201303279913,
      "win_rate": 0.4146341463414634,
      "total_return": 114.00000000003274
    }
  },
  "regime_statistics": {
    "default": {
      "avg_return": -207.50777777775036,
      "std_return": 157.84876118035805,
      "avg_sharpe": -1.8367731574297328,
      "avg_win_rate": 0.21698409782547756,
      "total_trades": 1108,
      "parameter_sets_tested": 36
    }
  }
}