{
  "best_parameters": {
    "default": {
      "parameters": {
        "weight": 0.4,
        "min_separation": 0.001
      },
      "sharpe_ratio": -4.062260754678897,
      "win_rate": 0.3888888888888889,
      "total_return": -418.02999999996473
    },
    "trending_down": {
      "parameters": {
        "weight": 0.4,
        "min_separation": 0.0
      },
      "sharpe_ratio": 0.1765059144997773,
      "win_rate": 0.25,
      "total_return": 6.7600000000538785
    },
    "trending_up": {
      "parameters": {
        "weight": 0.4,
        "min_separation": 0.0
      },
      "sharpe_ratio": 3.7679444348928492,
      "win_rate": 0.3125,
      "total_return": 251.98999999998932
    }
  },
  "regime_statistics": {
    "default": {
      "avg_return": -420.0716666666314,
      "std_return": 6.771442280309066,
      "avg_sharpe": -4.075543236041003,
      "avg_win_rate": 0.38773148148148157,
      "total_trades": 650,
      "parameter_sets_tested": 12
    },
    "trending_down": {
      "avg_return": -14.781666666614038,
      "std_return": 6.495056881113035,
      "avg_sharpe": -0.3522749848017419,
      "avg_win_rate": 0.2620614035087719,
      "total_trades": 225,
      "parameter_sets_tested": 12
    },
    "trending_up": {
      "avg_return": 251.98999999998932,
      "std_return": 0.0,
      "avg_sharpe": 3.767944434892849,
      "avg_win_rate": 0.3125,
      "total_trades": 192,
      "parameter_sets_tested": 12
    }
  }
}