{
  "best_parameters": {
    "default": {
      "parameters": {
        "weight": 0.4,
        "min_separation": 0.001
      },
      "sharpe_ratio": -2.980882900873367,
      "win_rate": 0.25396825396825395,
      "total_return": -540.4299999999694
    },
    "trending_up": {
      "parameters": {
        "weight": 0.4,
        "min_separation": 0.0
      },
      "sharpe_ratio": 2.217553939352384,
      "win_rate": 0.2978723404255319,
      "total_return": 321.99999999999136
    },
    "trending_down": {
      "parameters": {
        "weight": 0.4,
        "min_separation": 0.0
      },
      "sharpe_ratio": 1.4029645702633975,
      "win_rate": 0.3055555555555556,
      "total_return": 83.15000000004602
    }
  },
  "regime_statistics": {
    "default": {
      "avg_return": -544.4716666666352,
      "std_return": 13.404691861016975,
      "avg_sharpe": -2.9972918052592608,
      "avg_win_rate": 0.2539580789580789,
      "total_trades": 1516,
      "parameter_sets_tested": 12
    },
    "trending_up": {
      "avg_return": 316.9583333333293,
      "std_return": 1.520119695578176,
      "avg_sharpe": 2.204487867338282,
      "avg_win_rate": 0.29384443416589584,
      "total_trades": 1106,
      "parameter_sets_tested": 12
    },
    "trending_down": {
      "avg_return": 44.65000000004977,
      "std_return": 11.608186766242769,
      "avg_sharpe": 0.6681518347195169,
      "avg_win_rate": 0.2790090622537431,
      "total_trades": 553,
      "parameter_sets_tested": 12
    }
  }
}