{
  "best_parameters": {
    "default": {
      "parameters": {
        "oversold_threshold": 20.0,
        "overbought_threshold": 60.0,
        "rsi_indicator.lookback_period": 9
      },
      "sharpe_ratio": 3.392198049053425,
      "win_rate": 0.5333333333333333,
      "total_return": 49.98999999997977
    },
    "trending_up": {
      "parameters": {
        "oversold_threshold": 20.0,
        "overbought_threshold": 60.0,
        "rsi_indicator.lookback_period": 9
      },
      "sharpe_ratio": 1.9660936784254401,
      "win_rate": 0.6666666666666666,
      "total_return": 9.490000000005239
    },
    "trending_down": {
      "parameters": {
        "oversold_threshold": 20.0,
        "overbought_threshold": 60.0,
        "rsi_indicator.lookback_period": 14
      },
      "sharpe_ratio": -36.88205138395103,
      "win_rate": 0.0,
      "total_return": -23.00000000000182
    }
  },
  "regime_statistics": {
    "default": {
      "avg_return": -1.4047500000094715,
      "std_return": 8.840085827500337,
      "avg_sharpe": -0.21448120724588482,
      "avg_win_rate": 0.3965850815850816,
      "total_trades": 842,
      "parameter_sets_tested": 80
    },
    "trending_up": {
      "avg_return": -14.754999999996699,
      "std_return": 16.20308689725518,
      "avg_sharpe": -9.024238892876348,
      "avg_win_rate": 0.2916666666666667,
      "total_trades": 280,
      "parameter_sets_tested": 80
    },
    "trending_down": {
      "avg_return": -31.500000000002615,
      "std_return": 5.012484413941116,
      "avg_sharpe": -79.77748071073205,
      "avg_win_rate": 0.0,
      "total_trades": 160,
      "parameter_sets_tested": 80
    }
  }
}