{
  "best_parameters": {
    "default": {
      "parameters": {
        "weight": 0.4,
        "min_separation": 0.0,
        "fast_ma.lookback_period": 20,
        "slow_ma.lookback_period": 20
      },
      "sharpe_ratio": 8.24301565133716,
      "win_rate": 0.5,
      "total_return": 91.5599999999813
    },
    "trending_up": {
      "parameters": {
        "weight": 0.4,
        "min_separation": 0.0,
        "fast_ma.lookback_period": 5,
        "slow_ma.lookback_period": 50
      },
      "sharpe_ratio": 3.010779310763738,
      "win_rate": 0.3118279569892473,
      "total_return": 428.4999999999968
    },
    "trending_down": {
      "parameters": {
        "weight": 0.4,
        "min_separation": 0.0,
        "fast_ma.lookback_period": 20,
        "slow_ma.lookback_period": 20
      },
      "sharpe_ratio": 20.417915144115515,
      "win_rate": 1.0,
      "total_return": 270.5199999999991
    }
  },
  "regime_statistics": {
    "default": {
      "avg_return": -535.3452083333237,
      "std_return": 174.51467764189633,
      "avg_sharpe": -2.015328017899755,
      "avg_win_rate": 0.25026709905948624,
      "total_trades": 33581,
      "parameter_sets_tested": 192
    },
    "trending_up": {
      "avg_return": 324.02906250000365,
      "std_return": 126.89999231332321,
      "avg_sharpe": 2.1760818828005166,
      "avg_win_rate": 0.32317024925758897,
      "total_trades": 16706,
      "parameter_sets_tested": 192
    },
    "trending_down": {
      "avg_return": 174.07218750000075,
      "std_return": 78.43020919239734,
      "avg_sharpe": 3.639392884058761,
      "avg_win_rate": 0.3790306290056498,
      "total_trades": 7704,
      "parameter_sets_tested": 192
    }
  }
}