{
  "best_parameters": {
    "trending_down": {
      "parameters": {
        "lookback_period": 21
      },
      "sharpe_ratio": 1.2347407487646735,
      "win_rate": 0.5384615384615384,
      "total_return": 68.78999999997859
    },
    "default": {
      "parameters": {
        "lookback_period": 9
      },
      "sharpe_ratio": -4.395635337497124,
      "win_rate": 0.4,
      "total_return": -141.50000000003047
    },
    "trending_up": {
      "parameters": {
        "lookback_period": 30
      },
      "sharpe_ratio": -0.04560841646866197,
      "win_rate": 0.7586206896551724,
      "total_return": -4.98000000002321
    }
  },
  "regime_statistics": {
    "trending_down": {
      "avg_return": -12.285000000034074,
      "std_return": 73.2489947030146,
      "avg_sharpe": -0.14986045101577442,
      "avg_win_rate": 0.5763152352873607,
      "total_trades": 136,
      "parameter_sets_tested": 4
    },
    "default": {
      "avg_return": -337.387499999997,
      "std_return": 170.40024902782724,
      "avg_sharpe": -13.62845038992188,
      "avg_win_rate": 0.21473429951690823,
      "total_trades": 84,
      "parameter_sets_tested": 4
    },
    "trending_up": {
      "avg_return": -129.8525000000069,
      "std_return": 94.6964717861764,
      "avg_sharpe": -1.0926489346550297,
      "avg_win_rate": 0.6987536008670603,
      "total_trades": 132,
      "parameter_sets_tested": 4
    }
  }
}