{
  "best_parameters": {
    "trending_down": {
      "parameters": {
        "band_width_filter": 0.0,
        "bb_indicator.lookback_period": 15,
        "bb_indicator.num_std_dev": 1.5
      },
      "sharpe_ratio": 1.7541981195132679,
      "win_rate": 0.4444444444444444,
      "total_return": 54.999999999984084
    },
    "default": {
      "parameters": {
        "band_width_filter": 0.0,
        "bb_indicator.lookback_period": 15,
        "bb_indicator.num_std_dev": 1.5
      },
      "sharpe_ratio": 3.235398300746383,
      "win_rate": 0.45454545454545453,
      "total_return": 352.3499999999899
    },
    "trending_up": {
      "parameters": {
        "band_width_filter": 0.0,
        "bb_indicator.lookback_period": 15,
        "bb_indicator.num_std_dev": 1.5
      },
      "sharpe_ratio": 4.389541992703975,
      "win_rate": 0.5555555555555556,
      "total_return": 228.9899999999875
    }
  },
  "regime_statistics": {
    "trending_down": {
      "avg_return": 54.999999999984084,
      "std_return": 0.0,
      "avg_sharpe": 1.754198119513268,
      "avg_win_rate": 0.4444444444444444,
      "total_trades": 162,
      "parameter_sets_tested": 18
    },
    "default": {
      "avg_return": 352.34999999998985,
      "std_return": 5.684341886080802e-14,
      "avg_sharpe": 3.235398300746383,
      "avg_win_rate": 0.45454545454545453,
      "total_trades": 792,
      "parameter_sets_tested": 18
    },
    "trending_up": {
      "avg_return": 228.9899999999875,
      "std_return": 0.0,
      "avg_sharpe": 4.389541992703976,
      "avg_win_rate": 0.5555555555555556,
      "total_trades": 162,
      "parameter_sets_tested": 18
    }
  }
}