{
  "best_parameters": {
    "default": {
      "parameters": {
        "fast_period": 8,
        "slow_period": 20,
        "signal_period": 7
      },
      "sharpe_ratio": -1.6860571325650193,
      "win_rate": 0.3788235294117647,
      "total_return": -1839.6299999999826
    },
    "trending_down": {
      "parameters": {
        "fast_period": 8,
        "slow_period": 20,
        "signal_period": 7
      },
      "sharpe_ratio": -1.6551582452138829,
      "win_rate": 0.2896551724137931,
      "total_return": -1613.0200000000798
    },
    "trending_up": {
      "parameters": {
        "fast_period": 8,
        "slow_period": 20,
        "signal_period": 7
      },
      "sharpe_ratio": -1.0110901823840508,
      "win_rate": 0.29285714285714287,
      "total_return": -728.6199999999383
    },
    "volatile": {
      "parameters": {
        "fast_period": 8,
        "slow_period": 20,
        "signal_period": 7
      },
      "sharpe_ratio": 2.7416595580426657,
      "win_rate": 0.625,
      "total_return": 114.33000000000675
    }
  },
  "regime_statistics": {
    "default": {
      "avg_return": -1839.6299999999826,
      "std_return": 0.0,
      "avg_sharpe": -1.6860571325650193,
      "avg_win_rate": 0.3788235294117647,
      "total_trades": 11475,
      "parameter_sets_tested": 27
    },
    "trending_down": {
      "avg_return": -1613.0200000000796,
      "std_return": 2.2737367544323206e-13,
      "avg_sharpe": -1.6551582452138829,
      "avg_win_rate": 0.2896551724137931,
      "total_trades": 3915,
      "parameter_sets_tested": 27
    },
    "trending_up": {
      "avg_return": -728.6199999999382,
      "std_return": 1.1368683772161603e-13,
      "avg_sharpe": -1.011090182384051,
      "avg_win_rate": 0.2928571428571428,
      "total_trades": 3780,
      "parameter_sets_tested": 27
    },
    "volatile": {
      "avg_return": 114.33000000000675,
      "std_return": 0.0,
      "avg_sharpe": 2.741659558042666,
      "avg_win_rate": 0.625,
      "total_trades": 216,
      "parameter_sets_tested": 27
    }
  }
}