{
  "best_parameters": {
    "trending_down": {
      "parameters": {
        "band_width_filter": 0.0,
        "bb_indicator.lookback_period": 25,
        "bb_indicator.num_std_dev": 2.0
      },
      "sharpe_ratio": -1.4269168550789593,
      "win_rate": 0.2318181818181818,
      "total_return": -212.09999999994125
    },
    "default": {
      "parameters": {
        "band_width_filter": 0.0,
        "bb_indicator.lookback_period": 25,
        "bb_indicator.num_std_dev": 1.5
      },
      "sharpe_ratio": 4.534403895396209,
      "win_rate": 0.4041095890410959,
      "total_return": 953.0399999999304
    },
    "trending_up": {
      "parameters": {
        "band_width_filter": 0.0,
        "bb_indicator.lookback_period": 25,
        "bb_indicator.num_std_dev": 2.5
      },
      "sharpe_ratio": 1.5132754168934759,
      "win_rate": 0.20833333333333334,
      "total_return": 287.49999999998863
    }
  },
  "regime_statistics": {
    "trending_down": {
      "avg_return": -325.45333333328017,
      "std_return": 87.66612534687553,
      "avg_sharpe": -2.229824124250408,
      "avg_win_rate": 0.2216722108200847,
      "total_trades": 4052,
      "parameter_sets_tested": 18
    },
    "default": {
      "avg_return": 675.5722222221494,
      "std_return": 188.18938373513265,
      "avg_sharpe": 3.2188129818755504,
      "avg_win_rate": 0.342855122459813,
      "total_trades": 2808,
      "parameter_sets_tested": 18
    },
    "trending_up": {
      "avg_return": -289.89777777777465,
      "std_return": 219.01697928991993,
      "avg_sharpe": -2.8039487223523483,
      "avg_win_rate": 0.1787127646388943,
      "total_trades": 1966,
      "parameter_sets_tested": 18
    }
  }
}