{
  "best_parameters": {
    "default": {
      "parameters": {
        "band_width_filter": 0.0,
        "bb_indicator.lookback_period": 15,
        "bb_indicator.num_std_dev": 2.5
      },
      "sharpe_ratio": 41.69053736322124,
      "win_rate": 1.0,
      "total_return": 253.80999999999858,
      "num_trades": 6
    },
    "trending_up": {
      "parameters": {
        "band_width_filter": 0.0,
        "bb_indicator.lookback_period": 25,
        "bb_indicator.num_std_dev": 2.5
      },
      "sharpe_ratio": 6.764718321783437,
      "win_rate": 0.5,
      "total_return": 273.0000000000018,
      "num_trades": 2
    },
    "trending_down": {
      "parameters": {
        "band_width_filter": 0.0,
        "bb_indicator.lookback_period": 25,
        "bb_indicator.num_std_dev": 2.0
      },
      "sharpe_ratio": 34.91336662737879,
      "win_rate": 1.0,
      "total_return": 57.51000000000204,
      "num_trades": 2
    }
  },
  "regime_statistics": {
    "default": {
      "avg_return": 277.2788888888727,
      "std_return": 134.02718790889145,
      "avg_sharpe": 15.903640406183971,
      "avg_win_rate": 0.8354809882860375,
      "total_trades": 288,
      "parameter_sets_tested": 18
    },
    "trending_up": {
      "avg_return": -253.09555555555914,
      "std_return": 189.66551283252662,
      "avg_sharpe": -9.161323910722427,
      "avg_win_rate": 0.34074074074074073,
      "total_trades": 46,
      "parameter_sets_tested": 18
    },
    "trending_down": {
      "avg_return": 36.011666666667,
      "std_return": 12.739180267541247,
      "avg_sharpe": 12.319089383457253,
      "avg_win_rate": 0.8333333333333334,
      "total_trades": 20,
      "parameter_sets_tested": 12
    }
  }
}