{
  "best_parameters": {
    "default": {
      "parameters": {
        "band_width_filter": 0.0,
        "bb_indicator.lookback_period": 25,
        "bb_indicator.num_std_dev": 2.5
      },
      "sharpe_ratio": 7.488626003134082,
      "win_rate": 0.7777777777777778,
      "total_return": 522.0399999999927
    }
  },
  "regime_statistics": {
    "default": {
      "avg_return": 48.19111111109149,
      "std_return": 203.50952543606402,
      "avg_sharpe": 0.6668216733395602,
      "avg_win_rate": 0.7435026038881607,
      "total_trades": 354,
      "parameter_sets_tested": 18
    }
  }
}