{
  "best_parameters": {
    "default": {
      "parameters": {
        "lookback_period": 9
      },
      "sharpe_ratio": 6.915879111599349,
      "win_rate": 0.6666666666666666,
      "total_return": 28.999999999996362
    },
    "trending_up": {
      "parameters": {
        "lookback_period": 14
      },
      "sharpe_ratio": 22.258224804071226,
      "win_rate": 1.0,
      "total_return": 16.99999999998454
    },
    "trending_down": {
      "parameters": {
        "lookback_period": 14
      },
      "sharpe_ratio": -8.343186462373678,
      "win_rate": 0.5,
      "total_return": -54.49999999999591
    }
  },
  "regime_statistics": {
    "default": {
      "avg_return": -4.939999999999145,
      "std_return": 26.07279808535816,
      "avg_sharpe": 2.481864252067916,
      "avg_win_rate": 0.29166666666666663,
      "total_trades": 7,
      "parameter_sets_tested": 4
    },
    "trending_up": {
      "avg_return": 16.99999999998454,
      "std_return": 0.0,
      "avg_sharpe": 15.097739368628751,
      "avg_win_rate": 0.875,
      "total_trades": 7,
      "parameter_sets_tested": 2
    },
    "trending_down": {
      "avg_return": -45.189999999996644,
      "std_return": 6.97770019418797,
      "avg_sharpe": -268.16799353711565,
      "avg_win_rate": 0.125,
      "total_trades": 10,
      "parameter_sets_tested": 4
    }
  }
}