{
  "best_parameters": {
    "default": {
      "parameters": {
        "oversold_threshold": 25.0,
        "overbought_threshold": 80.0,
        "rsi_indicator.lookback_period": 9
      },
      "sharpe_ratio": 5.601418558357175,
      "win_rate": 0.75,
      "total_return": 300.27999999998656,
      "num_trades": 8
    }
  },
  "regime_statistics": {
    "default": {
      "avg_return": 66.35518987340984,
      "std_return": 164.91515051080154,
      "avg_sharpe": 0.32963962092891236,
      "avg_win_rate": 0.6503031257824041,
      "total_trades": 439,
      "parameter_sets_tested": 79
    }
  }
}