{
  "best_parameters": {
    "trending_down": {
      "parameters": {
        "lookback_period": 14
      },
      "sharpe_ratio": 1.552197081999335,
      "win_rate": 0.5833333333333334,
      "total_return": 95.38999999998623
    },
    "default": {
      "parameters": {
        "lookback_period": 30
      },
      "sharpe_ratio": -5.8126073891355166,
      "win_rate": 0.18181818181818182,
      "total_return": -590.1599999999917
    },
    "trending_up": {
      "parameters": {
        "lookback_period": 30
      },
      "sharpe_ratio": 6.424781152046239,
      "win_rate": 0.7142857142857143,
      "total_return": 117.999999999995
    }
  },
  "regime_statistics": {
    "trending_down": {
      "avg_return": -10.495000000020127,
      "std_return": 63.27237489616363,
      "avg_sharpe": -0.36749673438164354,
      "avg_win_rate": 0.5008838383838384,
      "total_trades": 90,
      "parameter_sets_tested": 4
    },
    "default": {
      "avg_return": -459.45999999999003,
      "std_return": 114.92764571676611,
      "avg_sharpe": -12.590582062175558,
      "avg_win_rate": 0.16065922381711856,
      "total_trades": 79,
      "parameter_sets_tested": 4
    },
    "trending_up": {
      "avg_return": -66.50499999999795,
      "std_return": 133.9263598960225,
      "avg_sharpe": 0.6741012803301806,
      "avg_win_rate": 0.6552527307774685,
      "total_trades": 73,
      "parameter_sets_tested": 4
    }
  }
}