{
  "best_parameters": {
    "default": {
      "parameters": {
        "oversold_threshold": 20.0,
        "overbought_threshold": 60.0,
        "rsi_indicator.lookback_period": 14
      },
      "sharpe_ratio": -3.0795518804374455,
      "win_rate": 0.3287037037037037,
      "total_return": -3566.8799999999737
    },
    "trending_up": {
      "parameters": {
        "oversold_threshold": 20.0,
        "overbought_threshold": 60.0,
        "rsi_indicator.lookback_period": 14
      },
      "sharpe_ratio": 1.0444891625876138,
      "win_rate": 0.5131086142322098,
      "total_return": 1039.4100000001288
    },
    "trending_down": {
      "parameters": {
        "oversold_threshold": 20.0,
        "overbought_threshold": 60.0,
        "rsi_indicator.lookback_period": 9
      },
      "sharpe_ratio": -0.66588238842966,
      "win_rate": 0.5366666666666666,
      "total_return": -885.5700000000581
    },
    "volatile": {
      "parameters": {
        "oversold_threshold": 20.0,
        "overbought_threshold": 60.0,
        "rsi_indicator.lookback_period": 9
      },
      "sharpe_ratio": 4.5251920599327695,
      "win_rate": 0.45454545454545453,
      "total_return": 762.8800000000183
    }
  },
  "regime_statistics": {
    "default": {
      "avg_return": -3567.360624999975,
      "std_return": 4.271888441822385,
      "avg_sharpe": -3.0797861771486503,
      "avg_win_rate": 0.3287233477743799,
      "total_trades": 34564,
      "parameter_sets_tested": 80
    },
    "trending_up": {
      "avg_return": 1038.7973750001288,
      "std_return": 5.445130104907784,
      "avg_sharpe": 1.04377263577338,
      "avg_win_rate": 0.5130139447461891,
      "total_trades": 21364,
      "parameter_sets_tested": 80
    },
    "trending_down": {
      "avg_return": -906.8012500000499,
      "std_return": 2.388702249652655,
      "avg_sharpe": -0.6822773830978605,
      "avg_win_rate": 0.5366666666666667,
      "total_trades": 24000,
      "parameter_sets_tested": 80
    },
    "volatile": {
      "avg_return": 762.8800000000183,
      "std_return": 0.0,
      "avg_sharpe": 4.5251920599327695,
      "avg_win_rate": 0.4545454545454545,
      "total_trades": 880,
      "parameter_sets_tested": 80
    }
  }
}