{
  "best_parameters": {
    "trending_down": {
      "parameters": {
        "lookback_period": 21
      },
      "sharpe_ratio": -0.6845773550482511,
      "win_rate": 0.3333333333333333,
      "total_return": -30.740000000014334
    },
    "default": {
      "parameters": {
        "lookback_period": 9
      },
      "sharpe_ratio": 3.4158198335704753,
      "win_rate": 0.5,
      "total_return": 392.32000000000653
    },
    "trending_up": {
      "parameters": {
        "lookback_period": 30
      },
      "sharpe_ratio": -0.3528717222412646,
      "win_rate": 0.42857142857142855,
      "total_return": -17.249999999989996
    }
  },
  "regime_statistics": {
    "trending_down": {
      "avg_return": -66.51000000002227,
      "std_return": 39.453247014674204,
      "avg_sharpe": -1.3686474382491873,
      "avg_win_rate": 0.3142361111111111,
      "total_trades": 64,
      "parameter_sets_tested": 4
    },
    "default": {
      "avg_return": 364.7474999999986,
      "std_return": 24.618710745085775,
      "avg_sharpe": 3.0732578418417233,
      "avg_win_rate": 0.4756787330316742,
      "total_trades": 200,
      "parameter_sets_tested": 4
    },
    "trending_up": {
      "avg_return": -100.58249999998168,
      "std_return": 98.48532920568255,
      "avg_sharpe": -2.1254232083687654,
      "avg_win_rate": 0.41517857142857145,
      "total_trades": 58,
      "parameter_sets_tested": 4
    }
  }
}