{
  "best_parameters": {
    "trending_down": {
      "parameters": {
        "lookback_period": 14
      },
      "sharpe_ratio": 0.5723805099592899,
      "win_rate": 0.6283185840707964,
      "total_return": 657.6800000000446
    },
    "default": {
      "parameters": {
        "lookback_period": 30
      },
      "sharpe_ratio": 0.38324088681707147,
      "win_rate": 0.36771300448430494,
      "total_return": 492.9600000000164
    },
    "trending_up": {
      "parameters": {
        "lookback_period": 14
      },
      "sharpe_ratio": 2.3475087739029195,
      "win_rate": 0.68,
      "total_return": 1801.4599999999575
    },
    "volatile": {
      "parameters": {
        "lookback_period": 9
      },
      "sharpe_ratio": 3.8870225189903356,
      "win_rate": 0.5,
      "total_return": 407.0500000000038
    }
  },
  "regime_statistics": {
    "trending_down": {
      "avg_return": -812.0425000000064,
      "std_return": 1474.9163454646214,
      "avg_sharpe": -1.6777874370820822,
      "avg_win_rate": 0.5238116235867823,
      "total_trades": 794,
      "parameter_sets_tested": 4
    },
    "default": {
      "avg_return": -2984.992499999982,
      "std_return": 2280.3369522877038,
      "avg_sharpe": -4.5554422173883005,
      "avg_win_rate": 0.28075087211852046,
      "total_trades": 855,
      "parameter_sets_tested": 4
    },
    "trending_up": {
      "avg_return": 1050.2699999999932,
      "std_return": 1217.2560381653395,
      "avg_sharpe": 0.8015640990907799,
      "avg_win_rate": 0.6107012969095781,
      "total_trades": 638,
      "parameter_sets_tested": 4
    },
    "volatile": {
      "avg_return": 166.0699999999963,
      "std_return": 357.78055446040935,
      "avg_sharpe": 1.477715362971947,
      "avg_win_rate": 0.4131944444444444,
      "total_trades": 29,
      "parameter_sets_tested": 4
    }
  }
}