{
  "best_parameters": {
    "default": {
      "parameters": {
        "band_width_filter": 0.0,
        "bb_indicator.lookback_period": 20,
        "bb_indicator.num_std_dev": 2.0
      },
      "sharpe_ratio": 7.407104915028735,
      "win_rate": 0.41935483870967744,
      "total_return": 162.5699999999938
    },
    "trending_up": {
      "parameters": {
        "band_width_filter": 0.0,
        "bb_indicator.lookback_period": 15,
        "bb_indicator.num_std_dev": 1.5
      },
      "sharpe_ratio": -4.208917826993197,
      "win_rate": 0.2727272727272727,
      "total_return": -28.499999999996817
    },
    "trending_down": {
      "parameters": {
        "band_width_filter": 0.0,
        "bb_indicator.lookback_period": 15,
        "bb_indicator.num_std_dev": 1.5
      },
      "sharpe_ratio": -1.2196252492700748,
      "win_rate": 0.2222222222222222,
      "total_return": -10.010000000011132
    }
  },
  "regime_statistics": {
    "default": {
      "avg_return": 100.42777777777019,
      "std_return": 61.18837394613597,
      "avg_sharpe": 5.572259349144052,
      "avg_win_rate": 0.39266726056594875,
      "total_trades": 436,
      "parameter_sets_tested": 18
    },
    "trending_up": {
      "avg_return": -28.499999999996817,
      "std_return": 0.0,
      "avg_sharpe": -4.208917826993199,
      "avg_win_rate": 0.2727272727272726,
      "total_trades": 308,
      "parameter_sets_tested": 14
    },
    "trending_down": {
      "avg_return": -34.23222222222522,
      "std_return": 10.083295071856382,
      "avg_sharpe": -5.877990349657714,
      "avg_win_rate": 0.1234567901234568,
      "total_trades": 162,
      "parameter_sets_tested": 18
    }
  }
}