{
  "best_parameters": {
    "default": {
      "parameters": {
        "lookback_period": 9
      },
      "sharpe_ratio": -1.5954541595902652,
      "win_rate": 0.5185537583254044,
      "total_return": -13303.719999999434
    },
    "trending_down": {
      "parameters": {
        "lookback_period": 30
      },
      "sharpe_ratio": 2.302943430391798,
      "win_rate": 0.6501116071428571,
      "total_return": 21569.750000000276
    },
    "trending_up": {
      "parameters": {
        "lookback_period": 30
      },
      "sharpe_ratio": 2.226861048702214,
      "win_rate": 0.6690105474635861,
      "total_return": 20515.901799999865
    },
    "volatile": {
      "parameters": {
        "lookback_period": 30
      },
      "sharpe_ratio": -0.26583255243552817,
      "win_rate": 0.38636363636363635,
      "total_return": -733.4300000000326
    }
  },
  "regime_statistics": {
    "default": {
      "avg_return": -34818.74499999983,
      "std_return": 13800.803239541188,
      "avg_sharpe": -5.525157242697168,
      "avg_win_rate": 0.32699546254930667,
      "total_trades": 9573,
      "parameter_sets_tested": 4
    },
    "trending_down": {
      "avg_return": 14836.334999999846,
      "std_return": 7379.658349553178,
      "avg_sharpe": 1.3018439531520425,
      "avg_win_rate": 0.6765525573392046,
      "total_trades": 13211,
      "parameter_sets_tested": 4
    },
    "trending_up": {
      "avg_return": 18046.72340000025,
      "std_return": 7412.486573599427,
      "avg_sharpe": 1.473126564578139,
      "avg_win_rate": 0.7017170682709335,
      "total_trades": 15437,
      "parameter_sets_tested": 4
    },
    "volatile": {
      "avg_return": -2296.8925,
      "std_return": 1154.3630768171295,
      "avg_sharpe": -0.8745369832905213,
      "avg_win_rate": 0.4126747542374444,
      "total_trades": 547,
      "parameter_sets_tested": 4
    }
  }
}