{
  "best_parameters": {
    "default": {
      "parameters": {
        "min_separation": 0.002,
        "fast_ma.lookback_period": 15,
        "slow_ma.lookback_period": 50
      },
      "sharpe_ratio": -0.13912164581164885,
      "win_rate": 0.3253012048192771,
      "total_return": -213.89999999991574,
      "num_trades": 166
    }
  },
  "regime_statistics": {
    "default": {
      "avg_return": -1619.365000000003,
      "std_return": 663.2096125891321,
      "avg_sharpe": -0.7273905495978774,
      "avg_win_rate": 0.3052059033258698,
      "total_trades": 11297,
      "parameter_sets_tested": 36
    }
  }
}