{
  "best_parameters": {
    "default": {
      "parameters": {
        "min_separation": 0.0,
        "fast_ma.lookback_period": 15,
        "slow_ma.lookback_period": 40
      },
      "sharpe_ratio": -2.074785466266996,
      "win_rate": 0.2511415525114155,
      "total_return": -530.219999999963
    },
    "trending_up": {
      "parameters": {
        "min_separation": 0.0,
        "fast_ma.lookback_period": 5,
        "slow_ma.lookback_period": 50
      },
      "sharpe_ratio": 3.010779310763738,
      "win_rate": 0.3118279569892473,
      "total_return": 428.4999999999968
    },
    "trending_down": {
      "parameters": {
        "min_separation": 0.0,
        "fast_ma.lookback_period": 5,
        "slow_ma.lookback_period": 50
      },
      "sharpe_ratio": 4.272193772358287,
      "win_rate": 0.4,
      "total_return": 299.3199999999888
    }
  },
  "regime_statistics": {
    "default": {
      "avg_return": -581.2802777777767,
      "std_return": 74.30799338213086,
      "avg_sharpe": -2.7094159295872258,
      "avg_win_rate": 0.23536936279296328,
      "total_trades": 6110,
      "parameter_sets_tested": 36
    },
    "trending_up": {
      "avg_return": 364.10666666667197,
      "std_return": 48.60557209711914,
      "avg_sharpe": 2.564703584203306,
      "avg_win_rate": 0.2933383609998419,
      "total_trades": 3338,
      "parameter_sets_tested": 36
    },
    "trending_down": {
      "avg_return": 158.89583333333837,
      "std_return": 81.28242885747454,
      "avg_sharpe": 2.404062407802491,
      "avg_win_rate": 0.3327377197658179,
      "total_trades": 1533,
      "parameter_sets_tested": 36
    }
  }
}