{
  "best_parameters": {
    "default": {
      "parameters": {
        "lookback_period": 9
      },
      "sharpe_ratio": 4.6393363810325745,
      "win_rate": 0.625,
      "total_return": 74.09999999999854
    },
    "trending_up": {
      "parameters": {
        "lookback_period": 9
      },
      "sharpe_ratio": -5.282449777506414,
      "win_rate": 0.5555555555555556,
      "total_return": -286.77000000000135
    },
    "trending_down": {
      "parameters": {
        "lookback_period": 9
      },
      "sharpe_ratio": 2.537046179645008,
      "win_rate": 0.6551724137931034,
      "total_return": 77.34999999994443
    }
  },
  "regime_statistics": {
    "default": {
      "avg_return": -52.21999999998559,
      "std_return": 72.93692069177767,
      "avg_sharpe": -6.087833384659074,
      "avg_win_rate": 0.3854166666666667,
      "total_trades": 44,
      "parameter_sets_tested": 4
    },
    "trending_up": {
      "avg_return": -292.7475000000129,
      "std_return": 7.00152617291621,
      "avg_sharpe": -7.491427288474542,
      "avg_win_rate": 0.3972222222222222,
      "total_trades": 23,
      "parameter_sets_tested": 4
    },
    "trending_down": {
      "avg_return": -8.58250000003693,
      "std_return": 57.12161866359329,
      "avg_sharpe": -0.55188431237733,
      "avg_win_rate": 0.5447454844006568,
      "total_trades": 81,
      "parameter_sets_tested": 4
    }
  }
}