{
  "best_parameters": {
    "default": {
      "parameters": {
        "lookback_period": 21
      },
      "sharpe_ratio": 3.403979912524888,
      "win_rate": 0.4772727272727273,
      "total_return": 369.60999999998876
    },
    "trending_down": {
      "parameters": {
        "lookback_period": 30
      },
      "sharpe_ratio": 0.6410638566509061,
      "win_rate": 0.25,
      "total_return": 18.99999999998272
    },
    "trending_up": {
      "parameters": {
        "lookback_period": 30
      },
      "sharpe_ratio": 4.389541992703975,
      "win_rate": 0.5555555555555556,
      "total_return": 228.9899999999875
    }
  },
  "regime_statistics": {
    "default": {
      "avg_return": 351.36249999997915,
      "std_return": 13.683086959830577,
      "avg_sharpe": 3.238243156720709,
      "avg_win_rate": 0.47057787174066246,
      "total_trades": 172,
      "parameter_sets_tested": 4
    },
    "trending_down": {
      "avg_return": -24.12500000002069,
      "std_return": 38.27919637349047,
      "avg_sharpe": -0.5881164266875488,
      "avg_win_rate": 0.2398088023088023,
      "total_trades": 42,
      "parameter_sets_tested": 4
    },
    "trending_up": {
      "avg_return": 187.70750000000191,
      "std_return": 37.5266547769592,
      "avg_sharpe": 3.463965249813904,
      "avg_win_rate": 0.5069444444444444,
      "total_trades": 40,
      "parameter_sets_tested": 4
    }
  }
}