{
  "best_parameters": {
    "default": {
      "parameters": {
        "min_separation": 0.0,
        "fast_ma.lookback_period": 10,
        "slow_ma.lookback_period": 50
      },
      "sharpe_ratio": -1.1530938010606564,
      "win_rate": 0.32270916334661354,
      "total_return": -243.8599999999724
    },
    "trending_up": {
      "parameters": {
        "min_separation": 0.0,
        "fast_ma.lookback_period": 5,
        "slow_ma.lookback_period": 20
      },
      "sharpe_ratio": 2.394523197697404,
      "win_rate": 0.2692307692307692,
      "total_return": 344.380000000001
    },
    "trending_down": {
      "parameters": {
        "min_separation": 0.0,
        "fast_ma.lookback_period": 10,
        "slow_ma.lookback_period": 20
      },
      "sharpe_ratio": 3.6795289367488766,
      "win_rate": 0.4444444444444444,
      "total_return": 414.7400000000289
    }
  },
  "regime_statistics": {
    "default": {
      "avg_return": -447.97138888887355,
      "std_return": 161.86877615925548,
      "avg_sharpe": -1.6572958429274474,
      "avg_win_rate": 0.33102620858225945,
      "total_trades": 7327,
      "parameter_sets_tested": 36
    },
    "trending_up": {
      "avg_return": -290.5077777777838,
      "std_return": 264.5317441265252,
      "avg_sharpe": -1.837961774204568,
      "avg_win_rate": 0.03497340788077569,
      "total_trades": 1951,
      "parameter_sets_tested": 36
    },
    "trending_down": {
      "avg_return": 269.60250000002503,
      "std_return": 101.28691780655255,
      "avg_sharpe": 2.083111803684179,
      "avg_win_rate": 0.3926051290516765,
      "total_trades": 1398,
      "parameter_sets_tested": 36
    }
  }
}