{
  "best_parameters": {
    "trending_down": {
      "parameters": {
        "lookback_period": 10,
        "num_std_dev": 2.0
      },
      "sharpe_ratio": -0.6845773550482511,
      "win_rate": 0.3333333333333333,
      "total_return": -30.740000000014334
    },
    "default": {
      "parameters": {
        "lookback_period": 10,
        "num_std_dev": 1.5
      },
      "sharpe_ratio": 3.117871624717078,
      "win_rate": 0.47058823529411764,
      "total_return": 370.88999999999714
    },
    "trending_up": {
      "parameters": {
        "lookback_period": 10,
        "num_std_dev": 1.5
      },
      "sharpe_ratio": -0.3528717222412646,
      "win_rate": 0.42857142857142855,
      "total_return": -17.249999999989996
    }
  },
  "regime_statistics": {
    "trending_down": {
      "avg_return": -31.6566666666808,
      "std_return": 5.423073134506785,
      "avg_sharpe": -0.7055762475070932,
      "avg_win_rate": 0.3314814814814815,
      "total_trades": 540,
      "parameter_sets_tested": 36
    },
    "default": {
      "avg_return": 370.8899999999972,
      "std_return": 5.684341886080802e-14,
      "avg_sharpe": 3.1178716247170786,
      "avg_win_rate": 0.47058823529411753,
      "total_trades": 1836,
      "parameter_sets_tested": 36
    },
    "trending_up": {
      "avg_return": -17.249999999989996,
      "std_return": 0.0,
      "avg_sharpe": -0.3528717222412646,
      "avg_win_rate": 0.4285714285714286,
      "total_trades": 504,
      "parameter_sets_tested": 36
    }
  }
}