{
  "best_parameters": {
    "default": {
      "parameters": {
        "min_histogram_threshold": 0.0
      },
      "sharpe_ratio": -0.7335363973720124,
      "win_rate": 0.4146341463414634,
      "total_return": -51.29000000002861
    },
    "trending_up": {
      "parameters": {
        "min_histogram_threshold": 0.0
      },
      "sharpe_ratio": 3.9030930494792306,
      "win_rate": 0.25,
      "total_return": 356.47000000002436
    },
    "trending_down": {
      "parameters": {
        "min_histogram_threshold": 0.0
      },
      "sharpe_ratio": 2.273473669739765,
      "win_rate": 0.375,
      "total_return": 64.01999999998225
    }
  },
  "regime_statistics": {
    "default": {
      "avg_return": -51.29000000002861,
      "std_return": 0.0,
      "avg_sharpe": -0.7335363973720123,
      "avg_win_rate": 0.4146341463414634,
      "total_trades": 123,
      "parameter_sets_tested": 3
    },
    "trending_up": {
      "avg_return": 356.47000000002436,
      "std_return": 0.0,
      "avg_sharpe": 3.90309304947923,
      "avg_win_rate": 0.25,
      "total_trades": 48,
      "parameter_sets_tested": 3
    },
    "trending_down": {
      "avg_return": 64.01999999998225,
      "std_return": 0.0,
      "avg_sharpe": 2.273473669739765,
      "avg_win_rate": 0.375,
      "total_trades": 24,
      "parameter_sets_tested": 3
    }
  }
}